date,product,quantity,price
2020-01-01,food,84,238.65802753825798
2020-01-02,food,26,231.63644264137872
2020-01-03,food,41,635.9853235222436
2020-01-04,electronics,55,305.83569936704555
2020-01-05,electronics,87,243.4262107815025
2020-01-06,food,59,887.5767412284226
2020-01-07,clothing,9,483.2590208472035
2020-01-08,food,68,334.4381773700524
2020-01-09,clothing,78,234.1629139432775
2020-01-10,electronics,2,725.973865657754
2020-01-11,clothing,41,951.2921972967063
2020-01-12,food,32,841.8077475007137
2020-01-13,clothing,11,340.5584559513064
2020-01-14,electronics,3,275.6878266146887
2020-01-15,food,17,540.1214794712666
2020-01-16,clothing,24,242.8241193759992
2020-01-17,electronics,93,782.6112362928804
2020-01-18,electronics,67,456.87735432852264
2020-01-19,electronics,18,801.9776800529996
2020-01-20,electronics,10,911.0348873330627
2020-01-21,food,99,131.8460830162116
2020-01-22,clothing,80,598.8572560401615
2020-01-23,food,89,481.7260919345035
2020-01-24,food,12,723.8009898291673
2020-01-25,clothing,15,225.5550732309436
2020-01-26,clothing,3,380.92723900039334
2020-01-27,clothing,3,597.851494331682
2020-01-28,food,94,491.0558644436561
2020-01-29,electronics,40,144.0645731984705
2020-01-30,food,69,544.6260135955506
2020-01-31,electronics,78,941.9365542962624
2020-02-01,clothing,90,997.6124490188867
2020-02-02,electronics,52,629.2194993593873
2020-02-03,food,13,201.45647567137348
2020-02-04,electronics,33,115.93821062043538
2020-02-05,clothing,83,656.7758616498687
2020-02-06,food,55,879.4015351157062
2020-02-07,clothing,3,727.1160108210748
2020-02-08,electronics,69,199.9940833976638
2020-02-09,clothing,26,779.668680939593
2020-02-10,food,80,847.0509673350983
2020-02-11,clothing,91,408.405252618172
2020-02-12,food,66,579.0111717300504
2020-02-13,food,33,481.3766346423989
2020-02-14,electronics,51,882.103208334394
2020-02-15,clothing,28,247.0317632277638
2020-02-16,electronics,60,146.4051027610679
2020-02-17,clothing,55,668.0909755465269
2020-02-18,electronics,30,971.9474577337828
2020-02-19,food,68,941.1209438935837
2020-02-20,electronics,92,864.0297807605241
2020-02-21,electronics,13,380.9331672588101
2020-02-22,clothing,50,330.4460986537116
2020-02-23,clothing,28,225.9089334732525
2020-02-24,food,64,674.545603697947
2020-02-25,clothing,55,806.4512716926491
2020-02-26,food,3,652.6140008483555
2020-02-27,electronics,9,190.96594846679722
2020-02-28,clothing,8,757.3087049827702
2020-02-29,clothing,29,123.5961533424915
2020-03-01,electronics,90,636.1680067626252
2020-03-02,food,95,661.3894160144321
2020-03-03,clothing,23,562.3443796550587
2020-03-04,electronics,80,464.9295694123616
2020-03-05,food,72,660.4903907993767
2020-03-06,food,44,873.1276340662359
2020-03-07,electronics,46,135.23741006471082
2020-03-08,clothing,45,622.0150578414964
2020-03-09,clothing,56,221.89505796542775
2020-03-10,clothing,13,547.6686374100243
2020-03-11,clothing,93,985.3831554262855
2020-03-12,electronics,9,117.72297557913167
2020-03-13,clothing,43,781.6920795656188
2020-03-14,electronics,62,391.1114580689764
2020-03-15,food,7,988.6390114740691
2020-03-16,electronics,57,198.74608279475677
2020-03-17,electronics,27,266.6437505521391
2020-03-18,clothing,53,761.2151834986913
2020-03-19,electronics,93,590.7185796433457
2020-03-20,clothing,87,815.492766909055
2020-03-21,electronics,43,555.5457621472334
2020-03-22,clothing,59,303.18298095391754
2020-03-23,food,53,172.23235523740317
2020-03-24,food,76,676.0834111927487
2020-03-25,food,8,292.1588156263565
2020-03-26,electronics,48,558.2893038122884
2020-03-27,electronics,17,254.3473721239799
2020-03-28,food,31,109.35946123996328
2020-03-29,food,48,580.5650544467098
2020-03-30,clothing,1,418.5636574967179
2020-03-31,electronics,88,280.6710547238015
2020-04-01,clothing,91,934.9326755338217
2020-04-02,food,41,887.6968658632819
2020-04-03,food,65,960.3279203695928
2020-04-04,electronics,44,195.13354980232089
2020-04-05,food,63,611.4033283974471
2020-04-06,electronics,27,715.3141920656825
2020-04-07,clothing,21,517.4393571842676
2020-04-08,clothing,31,662.3133194304306
2020-04-09,clothing,9,301.55491546205894
2020-04-10,clothing,27,478.5766073510336
2020-04-11,food,80,923.6512688425786
2020-04-12,food,44,164.5011181030098
2020-04-13,food,11,940.2906061030567
2020-04-14,electronics,70,223.48036113668755
2020-04-15,electronics,97,138.05388377302685
2020-04-16,electronics,82,799.0567624671394
2020-04-17,electronics,50,909.0393349755234
2020-04-18,electronics,67,864.0852700999105
2020-04-19,food,18,669.9281934006293
2020-04-20,food,2,487.3967740217673
2020-04-21,food,39,878.2736369255668
2020-04-22,electronics,99,327.9610148992762
2020-04-23,clothing,46,679.8000151466593
2020-04-24,electronics,54,583.325023310468
2020-04-25,clothing,24,323.60037553872075
2020-04-26,electronics,31,629.390791083163
2020-04-27,electronics,55,323.8236980969605
2020-04-28,food,69,652.6694051733108
2020-04-29,clothing,70,490.0489830870299
2020-04-30,clothing,19,108.70935637631317
2020-05-01,electronics,19,257.13120281211434
2020-05-02,food,27,382.5275982206462
2020-05-03,electronics,19,794.6753195171208
2020-05-04,clothing,41,615.8209856825705
2020-05-05,electronics,84,260.77257302748933
2020-05-06,food,76,680.6568387587347
2020-05-07,food,41,993.9297354602811
2020-05-08,food,10,496.0473253494018
2020-05-09,food,54,299.2539295264121
2020-05-10,electronics,97,882.9013414246925
2020-05-11,food,36,205.0303808518027
2020-05-12,food,45,418.5903200634257
2020-05-13,food,97,505.5751678317532
2020-05-14,clothing,8,408.1790522217379
2020-05-15,clothing,39,257.6250605336047
2020-05-16,clothing,76,491.2360716681313
2020-05-17,electronics,25,267.4925605806717
2020-05-18,electronics,56,763.1642819588434
2020-05-19,clothing,28,307.30328697805203
2020-05-20,electronics,37,746.6659380336876
2020-05-21,food,22,863.9346029143743
2020-05-22,food,41,537.3797540527198
2020-05-23,electronics,15,549.6152941887447
2020-05-24,food,12,776.5645283494002
2020-05-25,electronics,54,947.3776472345874
2020-05-26,electronics,61,873.0193184305355
2020-05-27,electronics,9,913.2292437929914
2020-05-28,food,3,812.1650011484846
2020-05-29,food,23,551.3638917377518
2020-05-30,electronics,97,405.1647589846795
2020-05-31,food,25,843.9060390867219
2020-06-01,food,79,657.6102442108995
2020-06-02,food,41,499.26873682631225
2020-06-03,electronics,52,319.180222138175
2020-06-04,food,48,969.8537372803977
2020-06-05,electronics,69,700.6276709583707
2020-06-06,electronics,14,441.5188315351114
2020-06-07,clothing,9,298.3060508966863
2020-06-08,clothing,54,949.8887739990458
2020-06-09,food,87,847.4673406115229
2020-06-10,clothing,87,385.67206078336756
2020-06-11,electronics,70,650.771653802019
2020-06-12,food,36,792.0146734734542
2020-06-13,electronics,21,310.70497419781475
2020-06-14,clothing,39,868.5071130944555
2020-06-15,clothing,93,485.4023989161215
2020-06-16,clothing,77,895.9560350540598
2020-06-17,clothing,31,460.31411468506553
2020-06-18,clothing,14,162.05980827856655
2020-06-19,clothing,41,719.2337039379178
2020-06-20,food,83,482.46113626429104
2020-06-21,food,31,978.5731534956027
2020-06-22,electronics,91,613.8858946224741
2020-06-23,electronics,63,363.87473440525866
2020-06-24,clothing,29,618.7321086361505
2020-06-25,electronics,36,540.0482922819006
2020-06-26,food,5,966.707946531073
2020-06-27,food,1,391.15963964788034
2020-06-28,clothing,75,580.0618664767064
2020-06-29,food,79,428.69257022033173
2020-06-30,clothing,28,401.86709022561183
2020-07-01,clothing,54,211.5294850164773
2020-07-02,clothing,47,679.0418455808594
2020-07-03,clothing,95,951.8620837196449
2020-07-04,electronics,35,225.49556135157502
2020-07-05,electronics,44,904.7050869732235
2020-07-06,food,70,858.1547426159702
2020-07-07,electronics,41,520.8960902409247
2020-07-08,clothing,48,188.57379004812074
2020-07-09,electronics,90,639.1191939923956
2020-07-10,clothing,82,181.62736409564474
2020-07-11,electronics,80,703.85652800722
2020-07-12,electronics,90,374.83650242573975
2020-07-13,electronics,94,203.22319896091312
2020-07-14,clothing,81,148.12890888268566
2020-07-15,electronics,29,914.7830023068817
2020-07-16,clothing,90,210.5524916924502
2020-07-17,food,52,317.46846531275304
2020-07-18,food,36,426.49197514477
2020-07-19,electronics,33,303.02682671283594
2020-07-20,food,42,317.0060447732915
2020-07-21,food,78,326.6633641642725
2020-07-22,food,77,987.8499022035801
2020-07-23,food,89,337.45678315623945
2020-07-24,electronics,12,302.744000536412
2020-07-25,food,56,600.5892414347786
2020-07-26,electronics,1,940.4002818577618
2020-07-27,food,64,310.10284433592267
2020-07-28,electronics,7,235.63587338068774
2020-07-29,food,43,621.080170185894
2020-07-30,food,69,947.6091674049821
2020-07-31,clothing,14,784.8427449469325
2020-08-01,food,82,576.8856614275064
2020-08-02,electronics,89,864.9601841564306
2020-08-03,electronics,52,597.0618762474703
2020-08-04,clothing,64,378.9255732316836
2020-08-05,food,33,107.75765624534822
2020-08-06,electronics,73,136.52357403408973
2020-08-07,food,43,863.4648461431203
2020-08-08,electronics,65,989.8089059342864
2020-08-09,food,11,241.1692304114054
2020-08-10,food,85,219.17395459942304
2020-08-11,food,50,874.9598161927082
2020-08-12,electronics,8,822.2306564664608
2020-08-13,clothing,83,451.6514467827296
2020-08-14,electronics,45,364.15550856674474
2020-08-15,food,89,864.6362393500772
2020-08-16,clothing,83,653.0601786460174
2020-08-17,electronics,73,535.3814522785701
2020-08-18,electronics,3,676.920453942623
2020-08-19,electronics,35,699.2224312314501
2020-08-20,clothing,49,358.10117651599495
2020-08-21,clothing,63,440.99244409656484
2020-08-22,food,49,626.6418571283683
2020-08-23,clothing,21,271.6349904037426
2020-08-24,clothing,99,329.53332657775235
2020-08-25,electronics,99,104.59151629850506
2020-08-26,clothing,55,500.7492796726314
2020-08-27,clothing,35,998.1677832743585
2020-08-28,food,82,721.015733666527
2020-08-29,food,33,127.14866913230387
2020-08-30,food,6,989.7025626648797
2020-08-31,clothing,15,568.4433103408347
2020-09-01,food,41,327.31750685478335
2020-09-02,food,31,448.2746225277495
2020-09-03,food,72,876.3042147227075
2020-09-04,electronics,48,651.334667867538
2020-09-05,food,65,442.9435429425815
2020-09-06,clothing,23,462.0908434201505
2020-09-07,clothing,33,979.6108550209337
2020-09-08,food,62,824.9373889816063
2020-09-09,clothing,6,772.705114676561
2020-09-10,electronics,98,838.2786545675623
2020-09-11,clothing,40,692.9948323423911
2020-09-12,electronics,54,947.7352133867574
2020-09-13,electronics,93,713.4128999780095
2020-09-14,food,70,659.8980442648445
2020-09-15,electronics,89,559.4869815738688
2020-09-16,food,37,579.0296914868223
2020-09-17,clothing,16,341.31318385520126
2020-09-18,electronics,79,882.0396434104592
2020-09-19,electronics,45,910.5774198222865
2020-09-20,food,11,225.05738479418085
2020-09-21,clothing,38,723.9242657691076
2020-09-22,food,18,757.942270589524
2020-09-23,clothing,14,130.0015861194096
2020-09-24,electronics,85,602.3611859445543
2020-09-25,food,91,493.86190396965117
2020-09-26,electronics,50,346.62346281168965
2020-09-27,food,75,119.21861591233144
2020-09-28,food,22,978.8576236635839
2020-09-29,food,92,978.9967081964094
2020-09-30,clothing,16,258.93870980936026
2020-10-01,clothing,65,573.6330527444306
2020-10-02,electronics,21,418.8770592966229
2020-10-03,clothing,21,886.3755245334319
2020-10-04,electronics,24,459.9214504056247
2020-10-05,food,69,339.2419305876594
2020-10-06,electronics,51,197.9776970275049
2020-10-07,clothing,4,603.2005986309169
2020-10-08,food,32,509.35404601120825
2020-10-09,food,58,938.7917383756186
2020-10-10,clothing,15,471.3795616908491
2020-10-11,food,37,805.4616502117237
2020-10-12,food,72,501.4855282512986
2020-10-13,food,17,727.5821070032033
2020-10-14,clothing,40,527.9884472220485
2020-10-15,clothing,81,548.5832127028141
2020-10-16,electronics,26,662.781743360622
2020-10-17,clothing,65,724.8982847633094
2020-10-18,electronics,54,133.04060841777638
2020-10-19,clothing,33,427.46430304200527
2020-10-20,electronics,6,150.41300207708923
2020-10-21,electronics,88,904.0766806403267
2020-10-22,food,43,673.7170288883614
2020-10-23,clothing,73,275.670361858793
2020-10-24,clothing,74,977.5220529918702
2020-10-25,electronics,80,609.6665358117173
2020-10-26,food,93,567.8127211578112
2020-10-27,clothing,36,256.48544318274105
2020-10-28,electronics,78,523.2343373428698
2020-10-29,clothing,96,649.1925581168135
2020-10-30,food,52,675.4817433078805
2020-10-31,clothing,49,913.7967527974599
2020-11-01,clothing,31,620.1293078426615
2020-11-02,electronics,77,774.5634153295666
2020-11-03,clothing,85,367.2692174597849
2020-11-04,clothing,91,202.51972112089487
2020-11-05,food,24,682.689055056992
2020-11-06,clothing,24,877.285955075424
2020-11-07,food,99,520.8954961941424
2020-11-08,electronics,71,732.6552367853785
2020-11-09,electronics,92,430.08523876796147
2020-11-10,electronics,16,939.8146170273261
2020-11-11,electronics,87,623.7137534914692
2020-11-12,electronics,66,197.4668140543215
2020-11-13,electronics,22,108.61083744326119
2020-11-14,electronics,18,920.6228516762131
2020-11-15,food,91,711.9129841681265
2020-11-16,food,50,589.3261849883727
2020-11-17,electronics,42,780.1201441016864
2020-11-18,food,37,165.59231741182748
2020-11-19,electronics,42,797.032602346881
2020-11-20,electronics,70,150.46962968261846
2020-11-21,clothing,75,627.5965232624818
2020-11-22,electronics,16,686.0469490440189
2020-11-23,electronics,3,322.50722771001017
2020-11-24,clothing,99,885.153646686482
2020-11-25,clothing,15,317.08517972368924
2020-11-26,clothing,33,331.9999814326653
2020-11-27,clothing,3,773.1665149086522
2020-11-28,electronics,10,146.26556711216156
2020-11-29,clothing,42,651.2763418910888
2020-11-30,food,23,782.7266120252093
2020-12-01,clothing,4,231.876076042159
2020-12-02,food,50,172.33333925783288
2020-12-03,electronics,76,849.4925543484833
2020-12-04,food,27,624.8401590461307
2020-12-05,clothing,48,201.6300077490808
2020-12-06,clothing,13,267.12408012389903
2020-12-07,food,40,500.00683282579394
2020-12-08,clothing,82,444.2752930983393
2020-12-09,clothing,96,707.5436685523265
2020-12-10,clothing,25,877.0845214712333
2020-12-11,electronics,76,718.9061928085371
2020-12-12,electronics,32,960.156562983272
2020-12-13,clothing,3,521.4060827492137
2020-12-14,clothing,74,949.5178131019102
2020-12-15,food,94,851.2078392564464
2020-12-16,electronics,71,944.438353913242
2020-12-17,electronics,89,987.0069952408363
2020-12-18,food,18,602.9863776053746
2020-12-19,electronics,40,331.32121905415147
2020-12-20,clothing,17,156.130625708808
2020-12-21,electronics,35,601.6353940043595
2020-12-22,electronics,95,698.7238670814673
2020-12-23,clothing,66,936.5610590563647
2020-12-24,electronics,98,347.2197470315431
2020-12-25,clothing,61,915.9660734762048
2020-12-26,food,60,257.83033431745264
2020-12-27,electronics,72,116.23277873974202
2020-12-28,electronics,67,283.8394773366307
2020-12-29,food,98,622.473664668881
2020-12-30,electronics,4,297.69808857849966
2020-12-31,clothing,2,461.8507239731845
2021-01-01,electronics,98,177.02753519504859
2021-01-02,food,48,193.76447857119263
2021-01-03,food,56,246.3464384151529
2021-01-04,electronics,98,792.2640859469508
2021-01-05,electronics,51,642.9033980843457
2021-01-06,electronics,91,825.5210647253463
2021-01-07,electronics,72,593.9402892767516
2021-01-08,food,65,380.39135978603883
2021-01-09,food,96,144.42825215659678
2021-01-10,food,46,161.98474062676382
2021-01-11,electronics,82,967.8655511724468
2021-01-12,clothing,25,626.7464647692669
2021-01-13,electronics,52,616.1591357181375
2021-01-14,clothing,66,944.7683682260322
2021-01-15,electronics,88,685.0338841001225
2021-01-16,electronics,89,799.5689186875132
2021-01-17,electronics,94,154.67831663347442
2021-01-18,electronics,8,926.5586832855544
2021-01-19,clothing,42,517.7944483483135
2021-01-20,electronics,10,738.1948030185108
2021-01-21,electronics,40,751.3142944828104
2021-01-22,food,56,670.9523355162353
2021-01-23,clothing,77,100.16086758628985
2021-01-24,food,44,671.6651979773025
2021-01-25,clothing,10,951.4015483184835
2021-01-26,food,16,589.5527869666776
2021-01-27,clothing,1,448.06193126599584
2021-01-28,electronics,19,145.90590747081816
2021-01-29,clothing,8,134.8390233096873
2021-01-30,electronics,22,406.0961435941746
2021-01-31,clothing,90,223.18945381596308
2021-02-01,food,58,618.5735713385949
2021-02-02,food,76,844.0429132102372
2021-02-03,clothing,17,797.3205240070573
2021-02-04,clothing,28,578.869882123108
2021-02-05,electronics,27,707.321350394883
2021-02-06,food,12,456.5767514871099
2021-02-07,electronics,72,623.3635791056031
2021-02-08,clothing,49,947.6694294809224
2021-02-09,food,50,980.7901475442796
2021-02-10,electronics,19,744.2642911378285
2021-02-11,electronics,10,814.5984110102213
2021-02-12,electronics,31,688.465106720559
2021-02-13,food,48,693.584369883165
2021-02-14,clothing,55,182.13882508001754
2021-02-15,food,34,849.9093139599092
2021-02-16,clothing,70,531.8944885601327
2021-02-17,electronics,2,714.2000351181047
2021-02-18,clothing,45,479.35882043118255
2021-02-19,food,48,220.5868537103447
2021-02-20,electronics,32,207.3107102899976
2021-02-21,electronics,44,843.2151253777811
2021-02-22,clothing,81,807.8429975308753
2021-02-23,clothing,67,182.98295952768137
2021-02-24,food,34,459.74647566412864
2021-02-25,electronics,3,415.2759142503685
2021-02-26,electronics,75,947.1424927535246
2021-02-27,food,30,361.98256115627214
2021-02-28,clothing,72,761.8538993694455
2021-03-01,electronics,41,559.7264575183267
2021-03-02,electronics,73,608.9401206108303
2021-03-03,electronics,31,433.66699873369663
2021-03-04,clothing,49,443.1506726179375
2021-03-05,food,9,627.9416576933401
2021-03-06,clothing,60,859.7984944209218
2021-03-07,food,90,875.7833744288217
2021-03-08,electronics,11,983.1149863295237
2021-03-09,food,7,337.91295916223226
2021-03-10,clothing,71,842.6852403966714
2021-03-11,electronics,67,304.1235548908163
2021-03-12,food,44,293.94061958677645
2021-03-13,electronics,87,638.9159913641354
2021-03-14,clothing,12,660.5479764186039
2021-03-15,clothing,49,723.9130338013217
2021-03-16,electronics,85,363.89139271868754
2021-03-17,electronics,93,535.6191559532244
2021-03-18,food,90,310.53482644593754
2021-03-19,electronics,79,868.0284451799188
2021-03-20,food,46,170.20634705826993
2021-03-21,electronics,15,257.64398162005364
2021-03-22,electronics,97,752.2942296078321
2021-03-23,electronics,43,992.0658790545652
2021-03-24,electronics,44,173.81010305793012
2021-03-25,electronics,7,919.5385520641556
2021-03-26,electronics,81,733.0417504247139
2021-03-27,food,77,667.540307613726
2021-03-28,electronics,45,968.3435333424886
2021-03-29,food,50,961.8556312581125
2021-03-30,clothing,37,239.11318017309202
2021-03-31,clothing,96,905.3148896217575
2021-04-01,clothing,8,936.3958918403159
2021-04-02,food,5,878.0943220035239
2021-04-03,clothing,30,954.9116215668507
2021-04-04,electronics,45,781.6637209900574
2021-04-05,clothing,36,730.4218697440776
2021-04-06,clothing,64,232.56859437800838
2021-04-07,food,69,429.5912391279437
2021-04-08,clothing,85,568.0642883341912
2021-04-09,electronics,55,332.3352495548952
2021-04-10,clothing,68,330.18392262756856
2021-04-11,clothing,65,220.16048002168782
2021-04-12,clothing,76,270.67788925095533
2021-04-13,clothing,38,203.14069013261698
2021-04-14,food,53,188.23383393892271
2021-04-15,clothing,4,248.95551399768692
2021-04-16,food,31,188.44779339527358
2021-04-17,food,43,523.0419454775731
2021-04-18,clothing,89,437.82925565876144
2021-04-19,food,15,698.2452199888392
2021-04-20,food,82,297.39315384759277
2021-04-21,food,93,899.5244744064389
2021-04-22,clothing,51,550.5584912241749
2021-04-23,clothing,36,231.4639424524703
2021-04-24,food,79,902.5092220754102
2021-04-25,electronics,1,459.936214328218
2021-04-26,electronics,95,588.4539064648542
2021-04-27,electronics,63,358.47842372666213
2021-04-28,electronics,64,559.7247181242122
2021-04-29,clothing,47,542.8359568276194
2021-04-30,electronics,18,985.7385750888216
2021-05-01,electronics,61,298.91097023327404
2021-05-02,clothing,75,292.8755035144022
2021-05-03,food,29,200.2616821554303
2021-05-04,food,3,706.0854470896471
2021-05-05,food,79,900.9991145007804
2021-05-06,food,90,451.8579019313137
2021-05-07,clothing,55,953.1453606220422
2021-05-08,food,55,656.3695159203088
2021-05-09,food,45,345.643509039655
2021-05-10,food,90,777.6243876847244
2021-05-11,electronics,37,909.313372052008
2021-05-12,food,19,796.3641740929423
2021-05-13,food,43,916.4800379518223
2021-05-14,food,68,784.194039414182
2021-05-15,food,75,696.7146635717501
2021-05-16,clothing,24,417.6860356840755
2021-05-17,clothing,95,449.5366560503754
2021-05-18,food,65,780.0224443827134
2021-05-19,electronics,31,473.9457389760422
2021-05-20,electronics,61,888.9430634407977
2021-05-21,clothing,68,290.85000023437823
2021-05-22,clothing,14,641.3937737737986
2021-05-23,food,54,887.5686110684914
2021-05-24,clothing,81,584.3373380603432
2021-05-25,electronics,3,403.60536802454044
2021-05-26,food,22,713.6998218148426
2021-05-27,clothing,24,903.1747165901211
2021-05-28,electronics,87,871.0541456351536
2021-05-29,clothing,92,187.8889062873498
2021-05-30,food,52,589.6743972254183
2021-05-31,food,68,783.1069438382842
2021-06-01,clothing,60,185.0310569072932
2021-06-02,food,97,682.2536088177004
2021-06-03,food,60,305.39514445852694
2021-06-04,electronics,43,355.4862498649145
2021-06-05,food,87,424.12466394297303
2021-06-06,electronics,29,513.6909655092533
2021-06-07,food,21,708.976343420086
2021-06-08,electronics,77,595.4466969459379
2021-06-09,food,7,397.38945543272337
2021-06-10,food,27,281.63992806992974
2021-06-11,clothing,44,816.4579752734838
2021-06-12,food,97,675.7167807308273
2021-06-13,electronics,76,122.36476166727607
2021-06-14,food,26,572.7235869093477
2021-06-15,clothing,4,145.54761253525714
2021-06-16,electronics,88,602.3938513685396
2021-06-17,clothing,84,306.0010651990024
2021-06-18,food,64,229.49114298396748
2021-06-19,food,32,428.76278955178435
2021-06-20,food,54,225.59274068025186
2021-06-21,clothing,69,929.6053373790397
2021-06-22,electronics,64,426.6800631850837
2021-06-23,food,69,152.60657640824013
2021-06-24,electronics,30,502.48061903622363
2021-06-25,clothing,82,915.8237379019467
2021-06-26,clothing,68,786.0975576252597
2021-06-27,electronics,21,766.1642713159891
2021-06-28,food,37,499.5097074690638
2021-06-29,clothing,7,545.648406826065
2021-06-30,electronics,88,153.73698102387476
2021-07-01,electronics,83,370.56022006462024
2021-07-02,food,89,949.1470299780749
2021-07-03,food,61,204.95246419635816
2021-07-04,electronics,11,203.32357047060327
2021-07-05,electronics,50,965.0342849309691
2021-07-06,clothing,99,497.72674822183905
2021-07-07,electronics,79,896.7211036692586
2021-07-08,food,76,672.691997686489
2021-07-09,food,23,892.1284006638778
2021-07-10,clothing,32,998.8917682074259
2021-07-11,food,57,203.76460768989722
2021-07-12,food,98,114.75985861124516
2021-07-13,food,78,233.55469182233577
2021-07-14,electronics,36,878.2901026161037
2021-07-15,food,28,289.12138083895854
2021-07-16,food,10,935.4791665662478
2021-07-17,food,54,790.6690654946351
2021-07-18,food,60,168.7268718307364
2021-07-19,clothing,80,244.7295093642285
2021-07-20,food,9,583.1445196236568
2021-07-21,food,23,865.5586245743341
2021-07-22,clothing,73,530.7484148433138
2021-07-23,clothing,62,464.98643228056966
2021-07-24,electronics,17,672.0176523789737
2021-07-25,clothing,87,519.9014519070155
2021-07-26,food,79,860.1282369933185
2021-07-27,clothing,11,377.9264148984195
2021-07-28,food,99,636.2593868789423
2021-07-29,electronics,61,582.1072047215621
2021-07-30,clothing,35,716.2252380778818
2021-07-31,food,39,804.8276642122141
2021-08-01,clothing,34,330.50219854945004
2021-08-02,clothing,74,874.4085071324555
2021-08-03,electronics,30,545.6080534988702
2021-08-04,clothing,67,638.1521833114148
2021-08-05,clothing,36,574.2913848419373
2021-08-06,food,15,221.4955640244787
2021-08-07,electronics,53,552.2716839862946
2021-08-08,clothing,67,324.16742283466164
2021-08-09,food,50,659.3045945049209
2021-08-10,electronics,48,260.0111719035359
2021-08-11,food,89,776.7824963668077
2021-08-12,electronics,7,147.6261767550921
2021-08-13,electronics,55,389.2230350267732
2021-08-14,clothing,35,584.1638808061094
2021-08-15,clothing,90,191.0119346557678
2021-08-16,food,39,922.1392820595429
2021-08-17,electronics,98,838.0688647873793
2021-08-18,electronics,25,132.6752056559551
2021-08-19,electronics,84,552.687879740379
2021-08-20,clothing,51,642.8709003097077
2021-08-21,clothing,11,743.2975795442885
2021-08-22,clothing,20,271.8933323416304
2021-08-23,clothing,2,747.2493179619305
2021-08-24,electronics,5,445.42633159873094
2021-08-25,electronics,62,101.87111330714464
2021-08-26,electronics,18,386.46445780229897
2021-08-27,clothing,18,211.7806879749084
2021-08-28,food,93,100.2986294517258
2021-08-29,food,56,431.08164243930804
2021-08-30,food,6,667.9030652147036
2021-08-31,clothing,70,340.2076312699851
2021-09-01,electronics,98,728.0350564165856
2021-09-02,clothing,78,190.03318044005078
2021-09-03,electronics,77,235.24002638849478
2021-09-04,electronics,48,730.7320477179151
2021-09-05,clothing,94,164.5560604510511
2021-09-06,clothing,56,875.2624526966022
2021-09-07,food,82,913.7960772167145
2021-09-08,food,92,510.9338763790567
2021-09-09,clothing,54,626.2997273101082
2021-09-10,electronics,54,550.5127249806837
2021-09-11,clothing,30,174.269779330713
2021-09-12,electronics,14,667.8559356196089
2021-09-13,electronics,13,389.5819592626579
2021-09-14,food,8,825.5305559242174
2021-09-15,food,25,211.19944704088158
2021-09-16,food,95,500.22332278253816
2021-09-17,clothing,10,708.5481074265944
2021-09-18,clothing,64,629.5419417371617
2021-09-19,electronics,95,487.661271695161
2021-09-20,clothing,64,180.33559168256147
2021-09-21,food,68,369.3949552686788
2021-09-22,food,92,220.26387277955433
2021-09-23,food,81,640.4192767378236
2021-09-24,food,34,486.6955550078796
2021-09-25,food,19,812.0944280990147
2021-09-26,food,40,815.4576036489293
2021-09-27,clothing,95,632.7137633350809
2021-09-28,electronics,91,872.7328267695389
2021-09-29,food,43,417.2206353980796
2021-09-30,food,66,333.67357372727395
2021-10-01,food,95,886.558461356844
2021-10-02,food,64,148.98596841213566
2021-10-03,clothing,58,592.265917396053
2021-10-04,food,92,231.2416674869128
2021-10-05,electronics,48,277.49582776435386
2021-10-06,clothing,98,576.4906833785703
2021-10-07,clothing,34,249.0726136371259
2021-10-08,electronics,57,520.6267980498787
2021-10-09,clothing,84,544.6240055553335
2021-10-10,food,65,982.6176054939193
2021-10-11,food,9,684.3300994938163
2021-10-12,food,16,460.3807204428344
2021-10-13,food,66,891.8886715668414
2021-10-14,food,5,639.2178663569438
2021-10-15,clothing,38,570.5318498404906
2021-10-16,electronics,41,437.5993810537251
2021-10-17,clothing,40,136.51943487712805
2021-10-18,food,26,842.8606327251075
2021-10-19,food,22,254.1315315100795
2021-10-20,clothing,56,932.8065357109799
2021-10-21,food,37,277.7118107484399
2021-10-22,food,56,143.24923704018755
2021-10-23,food,27,800.6754223505247
2021-10-24,food,71,188.90602649380605
2021-10-25,food,87,350.64149036174786
2021-10-26,food,17,946.8107248970811
2021-10-27,clothing,79,286.48049186494086
2021-10-28,food,4,688.0023792488855
2021-10-29,food,7,654.2059042832627
2021-10-30,clothing,15,373.7198318759176
2021-10-31,electronics,90,391.7064134893694
2021-11-01,electronics,71,251.22295453191907
2021-11-02,clothing,5,456.41528582875355
2021-11-03,clothing,16,322.5002138618005
2021-11-04,clothing,21,902.430723662601
2021-11-05,food,85,190.47634730939046
2021-11-06,clothing,35,853.9185654059669
2021-11-07,clothing,1,868.6884472162254
2021-11-08,electronics,2,200.18973642674607
2021-11-09,electronics,76,596.1363593364474
2021-11-10,electronics,15,342.9415592356588
2021-11-11,electronics,73,125.17564664086731
2021-11-12,electronics,28,848.4247683952466
2021-11-13,food,81,510.85110845734334
2021-11-14,electronics,26,161.5218975666127
2021-11-15,food,69,649.313200257998
2021-11-16,food,52,297.1161432836353
2021-11-17,food,32,637.5045586849038
2021-11-18,food,74,174.19390610294494
2021-11-19,food,93,308.46602231448026
2021-11-20,food,38,605.5262805626107
2021-11-21,electronics,68,485.36931975370845
2021-11-22,electronics,3,774.9015976850607
2021-11-23,food,47,627.5027099116277
2021-11-24,electronics,58,907.0767375084598
2021-11-25,electronics,30,136.3167471473389
2021-11-26,clothing,24,567.2418804172205
2021-11-27,food,90,151.73439330392122
2021-11-28,clothing,83,379.54604573562904
2021-11-29,electronics,13,727.8610408551446
2021-11-30,electronics,40,439.254535532712
2021-12-01,electronics,68,526.6284959923448
2021-12-02,electronics,90,767.1479132467263
2021-12-03,electronics,56,100.32705732686131
2021-12-04,clothing,48,530.6308797442068
2021-12-05,electronics,83,690.5245190742665
2021-12-06,clothing,67,315.23966375025304
2021-12-07,food,93,941.3075452546743
2021-12-08,food,16,251.30173260989295
2021-12-09,electronics,4,564.9562358260627
2021-12-10,electronics,18,962.6758823631244
2021-12-11,food,76,775.0428471965023
2021-12-12,electronics,9,775.0083164606068
2021-12-13,clothing,51,535.0363546652101
2021-12-14,electronics,39,651.2861246804297
2021-12-15,electronics,76,691.8004656964948
2021-12-16,food,26,575.9792307060509
2021-12-17,food,67,307.4210833316007
2021-12-18,food,96,170.65055137090874
2021-12-19,clothing,92,310.1074734923782
2021-12-20,clothing,1,921.4306517237786
2021-12-21,clothing,21,386.6764113334983
2021-12-22,food,56,529.5469408978108
2021-12-23,food,43,921.6637218600861
2021-12-24,food,3,497.3274332590843
2021-12-25,electronics,84,336.4783848699009
2021-12-26,food,38,538.0081413683724
2021-12-27,food,30,907.8713024722816
2021-12-28,electronics,77,696.8406924461735
2021-12-29,clothing,74,972.2519300707646
2021-12-30,food,19,596.5634786880953
2021-12-31,clothing,73,641.5697767661145
2022-01-01,electronics,34,666.6363687329784
2022-01-02,food,36,160.07184187030123
2022-01-03,electronics,71,410.2608721363902
2022-01-04,clothing,14,506.2250691558609
2022-01-05,electronics,66,362.6826696991541
2022-01-06,food,12,866.7252431578886
2022-01-07,electronics,27,430.5771637117108
2022-01-08,electronics,67,549.7040000046153
2022-01-09,electronics,53,170.24826809954953
2022-01-10,food,14,652.9653027949556
2022-01-11,electronics,31,693.6386247921256
2022-01-12,electronics,40,859.8028178651728
2022-01-13,food,1,642.6093598877178
2022-01-14,clothing,51,559.7445352813413
2022-01-15,clothing,24,791.159835089948
2022-01-16,food,67,268.0806895950327
2022-01-17,clothing,53,338.5958063371677
2022-01-18,electronics,48,182.9066114083754
2022-01-19,clothing,31,369.9239807642393
2022-01-20,electronics,48,918.3630136601967
2022-01-21,food,96,157.1752891337316
2022-01-22,clothing,91,248.4145218748484
2022-01-23,clothing,93,426.42904418999296
2022-01-24,clothing,46,662.2390116320839
2022-01-25,electronics,22,604.2758634932338
2022-01-26,clothing,4,485.62774726606057
2022-01-27,clothing,84,743.7248119255913
2022-01-28,electronics,11,448.8812863881729
2022-01-29,clothing,99,462.61712062886966
2022-01-30,electronics,21,322.5160476336014
2022-01-31,clothing,10,830.5938984766967
2022-02-01,electronics,55,386.7402478612607
2022-02-02,clothing,57,852.0299385015503
2022-02-03,clothing,57,431.7383296579284
2022-02-04,clothing,55,523.5313690062139
2022-02-05,electronics,74,581.3034215838815
2022-02-06,clothing,19,154.08499018308012
2022-02-07,electronics,89,149.960848406017
2022-02-08,clothing,33,350.0764940822245
2022-02-09,electronics,84,533.9203678069255
2022-02-10,clothing,72,210.20849839378621
2022-02-11,clothing,57,680.0763306475823
2022-02-12,food,86,286.15802020558993
2022-02-13,food,88,400.77998475004625
2022-02-14,electronics,49,168.76391140111483
2022-02-15,clothing,62,488.97527434270216
2022-02-16,electronics,72,510.0114029353096
2022-02-17,clothing,56,650.7708324514231
2022-02-18,clothing,56,446.10522701370235
2022-02-19,electronics,50,288.67820452342875
2022-02-20,clothing,65,631.1910008520317
2022-02-21,electronics,93,771.7456247130223
2022-02-22,food,6,465.8223471375867
2022-02-23,food,30,813.8480555253603
2022-02-24,clothing,7,273.01292739755456
2022-02-25,food,15,914.7138648283141
2022-02-26,electronics,17,131.44011058131343
2022-02-27,food,76,881.7442076995779
2022-02-28,electronics,77,879.5169020142655
2022-03-01,electronics,13,378.8631108524987
2022-03-02,electronics,62,454.14098702257286
2022-03-03,electronics,47,723.0658463100186
2022-03-04,food,64,581.9877926144806
2022-03-05,clothing,69,210.97337422800837
2022-03-06,food,27,893.2365647361921
2022-03-07,clothing,56,646.2535291316724
2022-03-08,clothing,51,476.77986612976565
2022-03-09,food,54,491.7449201714129
2022-03-10,electronics,52,773.8749625845517
2022-03-11,electronics,91,775.5383806135687
2022-03-12,food,33,209.54008427785848
2022-03-13,food,8,525.8748596372425
2022-03-14,clothing,15,590.1907698622026
2022-03-15,electronics,56,359.6185779963685
2022-03-16,food,8,917.4247696970667
2022-03-17,clothing,31,639.9621534036983
2022-03-18,electronics,6,817.8768867124479
2022-03-19,food,49,113.5323476143791
2022-03-20,clothing,27,538.6026988627962
2022-03-21,clothing,73,819.3225466834607
2022-03-22,electronics,42,226.89544560266296
2022-03-23,food,36,105.21094131073032
2022-03-24,electronics,80,276.7076803881598
2022-03-25,food,22,686.5970656744845
2022-03-26,electronics,18,351.72611004325364
2022-03-27,clothing,70,382.98595733308827
2022-03-28,food,17,486.08111372333934
2022-03-29,food,4,553.9557248822816
2022-03-30,clothing,31,735.6359368596851
2022-03-31,clothing,70,795.3912818285489
2022-04-01,electronics,34,322.78232003318044
2022-04-02,food,16,246.9743299048217
2022-04-03,food,15,935.0106577394301
2022-04-04,clothing,40,566.7380877833648
2022-04-05,clothing,97,972.9431967169236
2022-04-06,clothing,56,838.5025982277645
2022-04-07,clothing,79,217.50072982114392
2022-04-08,clothing,47,783.253788280055
2022-04-09,clothing,87,326.8250024385966
2022-04-10,food,79,662.6659965207749
2022-04-11,food,57,247.44037976855267
2022-04-12,food,40,816.3070157133828
2022-04-13,electronics,54,222.97614797671258
2022-04-14,food,68,773.6950405719733
2022-04-15,food,96,725.7434408043632
2022-04-16,clothing,13,998.6669647530749
2022-04-17,electronics,36,562.9509068660509
2022-04-18,electronics,45,881.837193488805
2022-04-19,electronics,23,773.6122720514174
2022-04-20,electronics,56,204.61330220634602
2022-04-21,food,18,914.2767703027656
2022-04-22,electronics,76,872.612753807081
2022-04-23,food,32,506.8740973849452
2022-04-24,clothing,90,339.6729584649951
2022-04-25,clothing,69,788.9796442258832
2022-04-26,clothing,59,475.1155918216226
2022-04-27,electronics,42,306.8792584646329
2022-04-28,electronics,28,340.48374683501845
2022-04-29,electronics,88,967.9997023031005
2022-04-30,food,20,937.2770666919444
2022-05-01,clothing,35,609.1965803080125
2022-05-02,electronics,62,465.563569805461
2022-05-03,clothing,65,781.9189812353209
2022-05-04,food,94,555.805814266186
2022-05-05,electronics,44,778.9515921822986
2022-05-06,food,90,354.8105203819
2022-05-07,food,32,574.0464642991917
2022-05-08,food,17,626.35379632233
2022-05-09,clothing,9,985.9257716500559
2022-05-10,electronics,68,972.7906919896752
2022-05-11,clothing,50,640.4437169454035
2022-05-12,electronics,14,550.3598173042428
2022-05-13,clothing,16,243.49736181329297
2022-05-14,food,87,559.7205844653147
2022-05-15,electronics,66,132.4004533259349
2022-05-16,food,33,132.32118317201696
2022-05-17,clothing,89,296.7910008046845
2022-05-18,clothing,57,128.4543332809422
2022-05-19,clothing,36,972.3890868339989
2022-05-20,clothing,55,309.2542154411145
2022-05-21,electronics,32,764.67127615305
2022-05-22,electronics,44,598.6898746876258
2022-05-23,clothing,80,510.319270272879
2022-05-24,food,64,466.8611354321348
2022-05-25,electronics,14,282.0071714898959
2022-05-26,electronics,75,568.812934446793
2022-05-27,food,59,532.4764201488003
2022-05-28,electronics,77,906.4313197964536
2022-05-29,clothing,70,938.7092485159991
2022-05-30,clothing,54,689.5429505678275
2022-05-31,clothing,64,365.24825605044623
2022-06-01,food,57,123.54145655770728
2022-06-02,food,12,283.46466158751593
2022-06-03,food,26,922.5520119893184
2022-06-04,electronics,6,881.5962742589772
2022-06-05,electronics,43,391.74552307133337
2022-06-06,electronics,66,835.29841269307
2022-06-07,electronics,87,787.649649974011
2022-06-08,electronics,14,115.17924591092984
2022-06-09,clothing,19,193.9892763702789
2022-06-10,clothing,23,956.9812367727475
2022-06-11,clothing,21,194.70425338946154
2022-06-12,electronics,99,172.9761651159033
2022-06-13,electronics,79,418.8850166230313
2022-06-14,clothing,25,846.9523303379038
2022-06-15,clothing,78,114.10135997401065
2022-06-16,electronics,49,153.77228901622001
2022-06-17,electronics,41,953.1713902196146
2022-06-18,clothing,54,659.0984067093966
2022-06-19,electronics,52,446.50379053202437
2022-06-20,electronics,97,150.48563407544714
2022-06-21,electronics,57,230.74064608065817
2022-06-22,food,60,884.1808208185828
2022-06-23,food,95,932.3982557233257
2022-06-24,food,86,349.0532620296274
2022-06-25,electronics,51,428.66597712479586
2022-06-26,food,51,656.3451217454939
2022-06-27,food,15,832.4087430824336
2022-06-28,food,87,679.2707470649445
2022-06-29,electronics,13,158.03468674256
2022-06-30,electronics,84,936.2923430919077
2022-07-01,food,50,671.2493286794007
2022-07-02,electronics,82,594.2653274721076
2022-07-03,clothing,98,516.5997020198741
2022-07-04,clothing,80,132.10826303530615
2022-07-05,food,41,607.3587136024394
2022-07-06,food,70,267.21046396170647
2022-07-07,food,17,327.9565313919842
2022-07-08,clothing,61,333.5703840776222
2022-07-09,electronics,98,105.80101315331407
2022-07-10,electronics,9,469.9560684195831
2022-07-11,food,91,221.37003642037575
2022-07-12,food,27,622.0009262295663
2022-07-13,food,69,720.5622394311962
2022-07-14,clothing,88,671.1051573806559
2022-07-15,food,94,649.6555429285414
2022-07-16,food,18,581.6673101452326
2022-07-17,food,55,928.9535231653588
2022-07-18,food,12,545.0845918098632
2022-07-19,clothing,63,314.7859679408592
2022-07-20,electronics,72,739.7918832963675
2022-07-21,food,37,913.3246941752411
2022-07-22,clothing,17,283.2226066823672
2022-07-23,food,95,780.7674793152054
2022-07-24,electronics,2,702.1562057935788
2022-07-25,electronics,65,463.0377545928997
2022-07-26,electronics,49,261.7523874730302
2022-07-27,electronics,22,638.3057529855565
2022-07-28,clothing,19,166.56621558179995
2022-07-29,electronics,74,122.64643679184996
2022-07-30,food,15,526.377177968445
2022-07-31,clothing,15,348.23051455981556
2022-08-01,clothing,22,698.0438489686665
2022-08-02,clothing,85,883.7448241591885
2022-08-03,food,31,257.77864328427927
2022-08-04,clothing,37,875.7149362829418
2022-08-05,food,74,656.2597176747378
2022-08-06,electronics,43,343.0035751087287
2022-08-07,food,68,280.9508157593427
2022-08-08,electronics,26,322.52536848320403
2022-08-09,electronics,97,399.45101063292725
2022-08-10,clothing,43,250.4499240939262
2022-08-11,clothing,79,850.2026850185309
2022-08-12,food,11,544.1588952297296
2022-08-13,electronics,51,521.0572770005933
2022-08-14,food,26,942.3059894407879
2022-08-15,electronics,51,511.72574228392665
2022-08-16,clothing,6,654.7837764871555
2022-08-17,food,24,899.6486685087363
2022-08-18,food,56,897.407940861156
2022-08-19,clothing,31,863.7584233140784
2022-08-20,food,25,921.7567973528066
2022-08-21,electronics,1,545.267369238234
2022-08-22,clothing,34,393.1497949230143
2022-08-23,electronics,48,259.85294698108373
2022-08-24,food,49,245.39608572977028
2022-08-25,electronics,16,883.2165118504128
2022-08-26,clothing,53,239.2119727603327
2022-08-27,food,62,297.04657989167833
2022-08-28,clothing,60,782.322370280941
2022-08-29,clothing,78,527.739544795148
2022-08-30,clothing,38,645.8164813649237
2022-08-31,electronics,61,744.4151630081956
2022-09-01,electronics,95,113.76962373626561
2022-09-02,clothing,92,144.48474164617733
2022-09-03,food,52,993.1192013134519
2022-09-04,electronics,85,307.01422555050505
2022-09-05,electronics,61,406.79357820676836
2022-09-06,clothing,66,480.27813888636
2022-09-07,food,88,876.2027330974828
2022-09-08,electronics,36,809.03119877938
2022-09-09,food,54,536.8674256915783
2022-09-10,food,15,806.3869602237858
2022-09-11,food,83,428.0263721632391
2022-09-12,food,5,204.8333360469542
2022-09-13,clothing,32,621.2224505974814
2022-09-14,clothing,72,515.306274915351
2022-09-15,clothing,85,165.43184654018594
2022-09-16,clothing,78,669.7444764792892
2022-09-17,clothing,11,293.3993369214454
2022-09-18,food,3,755.715324982201
2022-09-19,food,29,860.5102756903783
2022-09-20,electronics,67,239.57848941448668
2022-09-21,clothing,32,582.7198593615492
2022-09-22,clothing,21,426.73566353748066
2022-09-23,food,59,916.7293270978124
2022-09-24,clothing,14,702.1188975177155
2022-09-25,clothing,9,266.51938681258
2022-09-26,electronics,29,757.6697846549409
2022-09-27,clothing,52,245.12456988456594
2022-09-28,clothing,14,611.643065943973
2022-09-29,electronics,7,549.2683026561674
2022-09-30,clothing,38,414.9225471262081
2022-10-01,electronics,57,778.5835050705508
2022-10-02,food,45,795.0608195804443
2022-10-03,clothing,23,106.77845959759613
2022-10-04,clothing,3,475.92294065435124
2022-10-05,clothing,78,771.7572064346866
2022-10-06,electronics,84,423.4751591616941
2022-10-07,electronics,44,357.3548008857939
2022-10-08,clothing,67,369.4576725096347
2022-10-09,clothing,48,555.9271418911865
2022-10-10,food,14,527.5472221444182
2022-10-11,food,80,433.08371870490146
2022-10-12,clothing,34,860.8815731639744
2022-10-13,electronics,37,452.44798955701975
2022-10-14,electronics,71,433.4523798308971
2022-10-15,food,64,353.7402402675648
2022-10-16,electronics,81,404.5603933747648
2022-10-17,clothing,80,379.7833304590354
2022-10-18,electronics,61,356.1239567128568
2022-10-19,clothing,70,591.294525031979
2022-10-20,electronics,96,562.2866615088419
2022-10-21,clothing,86,756.434030644118
2022-10-22,clothing,37,267.77002718824883
2022-10-23,food,94,719.0938986957755
2022-10-24,clothing,9,154.58209239119665
2022-10-25,electronics,87,429.4269593257541
2022-10-26,electronics,60,428.12574732526673
2022-10-27,electronics,57,305.66625244084435
2022-10-28,food,75,354.90888114763703
2022-10-29,electronics,91,174.4254341010058
2022-10-30,food,28,316.9209901595051
2022-10-31,electronics,64,763.9458630325466
2022-11-01,food,63,858.1790167462145
2022-11-02,clothing,83,210.99271708422572
2022-11-03,clothing,77,136.2043952854756
2022-11-04,food,20,663.4708623953366
2022-11-05,electronics,61,761.5589795003004
2022-11-06,food,21,127.33878997596948
2022-11-07,food,4,505.60366856103565
2022-11-08,clothing,34,297.8099622890852
2022-11-09,clothing,57,491.9696577790654
2022-11-10,food,5,813.4840955914705
2022-11-11,electronics,13,384.5751924397785
2022-11-12,food,61,220.98386146614703
2022-11-13,food,40,155.40999547499453
2022-11-14,food,15,589.9446388517151
2022-11-15,clothing,29,497.10413976490304
2022-11-16,electronics,37,598.8160252663886
2022-11-17,electronics,66,366.78090457198186
2022-11-18,electronics,12,403.1110395025093
2022-11-19,electronics,24,207.8040886515808
2022-11-20,food,47,110.12570909241707
2022-11-21,food,93,210.1224907185703
2022-11-22,clothing,33,901.1653299070306
2022-11-23,food,29,231.16415693067603
2022-11-24,electronics,27,856.530073150211
2022-11-25,electronics,29,254.46509796126563
2022-11-26,electronics,9,239.57344222071026
2022-11-27,food,42,767.1491207297321
2022-11-28,food,86,116.45129777548513
2022-11-29,clothing,93,716.4710018394106
2022-11-30,electronics,84,115.18900548601493
2022-12-01,clothing,64,504.07297258094593
2022-12-02,electronics,62,374.15788502558723
2022-12-03,electronics,86,230.06299485057878
2022-12-04,food,52,716.4572018173212
2022-12-05,clothing,85,838.4465008423051
2022-12-06,clothing,72,104.13228501120014
2022-12-07,food,5,453.90749042765674
2022-12-08,clothing,43,256.8355286680685
2022-12-09,clothing,93,634.5855091830801
2022-12-10,clothing,48,777.0121073232555
2022-12-11,food,17,799.1493187332002
2022-12-12,electronics,84,149.27361587685908
2022-12-13,food,60,309.49078229675865
2022-12-14,food,42,649.5857286573602
2022-12-15,electronics,38,888.4917513834176
2022-12-16,food,38,900.138057231447
2022-12-17,food,31,751.3891556634725
2022-12-18,clothing,29,105.93717034393867
2022-12-19,food,39,536.4776840130663
2022-12-20,electronics,16,362.3082284871292
2022-12-21,food,69,385.171875705504
2022-12-22,clothing,66,237.74456171204648
2022-12-23,electronics,57,941.1222882987845
2022-12-24,electronics,8,597.4216513460937
2022-12-25,electronics,38,935.7577483830391
2022-12-26,clothing,2,380.4245949668038
2022-12-27,clothing,53,464.0587021593757
2022-12-28,electronics,42,232.40892175995228
2022-12-29,food,90,929.0127699620867
2022-12-30,clothing,94,768.9118043199006
2022-12-31,clothing,85,296.94146753791256
2023-01-01,electronics,44,715.0354450207143
2023-01-02,clothing,57,562.8525240624367
2023-01-03,clothing,48,966.189945057721
2023-01-04,electronics,1,531.6548955684982
2023-01-05,food,93,172.0211477874355
2023-01-06,clothing,94,736.1164940016104
2023-01-07,clothing,31,563.8603614453281
2023-01-08,food,32,518.5781653524417
2023-01-09,clothing,22,237.3973210596625
2023-01-10,electronics,14,299.29546933283245
2023-01-11,clothing,50,559.3479346362019
2023-01-12,clothing,14,771.7141390384256
2023-01-13,food,21,254.4012254653919
2023-01-14,clothing,89,487.5352311957169
2023-01-15,clothing,27,630.7459609364463
2023-01-16,clothing,84,603.1295652795363
2023-01-17,electronics,93,331.51098841246085
2023-01-18,electronics,32,510.4579933839104
2023-01-19,electronics,19,910.2709262401241
2023-01-20,clothing,23,449.4982773870344
2023-01-21,food,66,515.1010184027882
2023-01-22,clothing,64,143.45566432581566
2023-01-23,electronics,59,848.5998428622612
2023-01-24,clothing,9,363.7603328362634
2023-01-25,clothing,5,554.0636270824616
2023-01-26,electronics,78,402.74392342678436
2023-01-27,clothing,54,850.5132550491649
2023-01-28,food,98,567.1351234271613
2023-01-29,food,65,934.9734116730267
2023-01-30,food,75,358.8406681698844
2023-01-31,food,39,449.2562766305604
2023-02-01,electronics,13,726.5494828114873
2023-02-02,electronics,33,823.349554106721
2023-02-03,electronics,55,423.4270082999359
2023-02-04,electronics,82,693.3553289364459
2023-02-05,electronics,14,163.03624250425656
2023-02-06,electronics,97,674.322840739979
2023-02-07,food,12,701.9437951023614
2023-02-08,electronics,19,654.7906240053753
2023-02-09,food,87,937.0296602110287
2023-02-10,food,80,645.7148239050189
2023-02-11,electronics,43,770.485170413404
2023-02-12,clothing,26,725.3139964537876
2023-02-13,food,67,359.4004630089731
2023-02-14,clothing,43,901.3254640376929
2023-02-15,clothing,93,344.9106524122872
2023-02-16,clothing,88,694.4003299485319
2023-02-17,food,58,735.7392729548176
2023-02-18,electronics,22,806.3740705472381
2023-02-19,clothing,98,136.0017518131321
2023-02-20,electronics,88,784.6946257591865
2023-02-21,clothing,80,824.0138201626146
2023-02-22,electronics,72,810.5559994459769
2023-02-23,food,90,882.3432511939466
2023-02-24,electronics,48,508.93749317461953
2023-02-25,food,74,345.55139022299016
2023-02-26,clothing,91,288.91491149353186
2023-02-27,clothing,39,998.4629351815299
2023-02-28,electronics,71,647.762054474287
2023-03-01,clothing,74,931.5595401697859
2023-03-02,clothing,72,881.7988625390744
2023-03-03,electronics,24,542.5730721459653
2023-03-04,clothing,44,230.00112573673857
2023-03-05,food,53,610.6819267943595
2023-03-06,clothing,96,786.1782664766212
2023-03-07,food,33,798.0675772275307
2023-03-08,food,9,428.7789490715225
2023-03-09,electronics,34,904.6323264991482
2023-03-10,clothing,83,352.82585178688106
2023-03-11,electronics,55,606.2208727189145
2023-03-12,clothing,25,920.1458603771625
2023-03-13,clothing,16,334.31247010856634
2023-03-14,food,49,751.2385359052355
2023-03-15,clothing,68,144.0560797744369
2023-03-16,food,5,900.7875141141502
2023-03-17,clothing,13,546.2658685088463
2023-03-18,electronics,6,990.8111567836888
2023-03-19,clothing,62,985.7030148246045
2023-03-20,clothing,97,147.90089280095972
2023-03-21,clothing,93,585.5680512887634
2023-03-22,electronics,94,706.7007212395556
2023-03-23,clothing,83,716.4146248544916
2023-03-24,electronics,53,546.5500314379715
2023-03-25,food,1,930.0996451624403
2023-03-26,electronics,75,897.3413828610825
2023-03-27,clothing,59,437.53250250345747
2023-03-28,food,15,709.9649918275401
2023-03-29,electronics,67,603.4835575748623
2023-03-30,electronics,80,377.10505522593974
2023-03-31,clothing,79,501.35824905558974
2023-04-01,clothing,13,845.971938332593
2023-04-02,clothing,37,596.7377956387159
2023-04-03,electronics,31,868.3259548710951
2023-04-04,food,67,994.1350943419861
2023-04-05,clothing,37,663.7403785351142
2023-04-06,clothing,77,827.7854817090217
2023-04-07,clothing,47,109.99151428570244
2023-04-08,electronics,72,640.0893023489009
2023-04-09,food,23,815.866233774758
2023-04-10,clothing,15,168.512448736338
2023-04-11,electronics,26,208.7380397784022
2023-04-12,clothing,82,728.2085325233015
2023-04-13,clothing,90,246.5059926212884
2023-04-14,electronics,71,378.0059183960299
2023-04-15,food,93,425.5385647412492
2023-04-16,clothing,78,949.4890206515789
2023-04-17,clothing,47,319.5060398846372
2023-04-18,electronics,64,232.9247915270697
2023-04-19,clothing,94,560.7691292828315
2023-04-20,food,78,336.621396671926
2023-04-21,electronics,15,165.18722741895118
2023-04-22,food,10,896.5780589173148
2023-04-23,clothing,93,775.6326582769823
2023-04-24,food,42,135.1765030231952
2023-04-25,food,47,507.002327698056
2023-04-26,clothing,43,372.965896779415
2023-04-27,food,68,885.5544112473234
2023-04-28,clothing,14,491.3404648814981
2023-04-29,electronics,41,548.1568898433618
2023-04-30,electronics,85,669.7875289619102
2023-05-01,food,71,503.73273203388504
2023-05-02,electronics,90,570.3618055348745
2023-05-03,electronics,65,409.17387281773676
2023-05-04,clothing,74,922.0912646575972
2023-05-05,food,31,996.6393896410033
2023-05-06,clothing,25,471.3350232999204
2023-05-07,clothing,76,431.89032643446706
2023-05-08,clothing,26,238.26059496273209
2023-05-09,clothing,71,249.74852383246662
2023-05-10,food,31,756.3560831825556
2023-05-11,electronics,89,332.09072506586455
2023-05-12,food,79,137.96167474812447
2023-05-13,food,98,812.5808325651026
2023-05-14,food,17,175.8887128171907
2023-05-15,electronics,89,979.9961025982726
2023-05-16,food,59,317.5227516913134
2023-05-17,food,29,628.3273643785017
2023-05-18,clothing,85,850.3590681388416
2023-05-19,electronics,17,480.8376166137334
2023-05-20,food,97,884.1143234156322
2023-05-21,clothing,68,495.9381115545989
2023-05-22,food,58,957.5172614341059
2023-05-23,food,22,257.67754631608716
2023-05-24,food,32,108.60540916784802
2023-05-25,clothing,89,601.6977464397112
2023-05-26,clothing,61,302.124053794799
2023-05-27,food,29,224.73029384240078
2023-05-28,clothing,95,458.5342265642562
2023-05-29,clothing,58,943.8119011536684
2023-05-30,electronics,42,884.5066569340778
2023-05-31,food,79,340.92525474090485
2023-06-01,electronics,7,690.0596001938133
2023-06-02,clothing,8,335.4971337013262
2023-06-03,food,20,178.80340941663047
2023-06-04,food,55,890.6153088392593
2023-06-05,electronics,91,360.9500156629901
2023-06-06,clothing,58,263.3463500589499
2023-06-07,clothing,30,875.4228506947342
2023-06-08,electronics,22,360.3086134139579
2023-06-09,electronics,82,364.3068903462043
2023-06-10,clothing,26,856.834668432429
2023-06-11,clothing,77,274.8049062680724
2023-06-12,food,17,196.85428878562124
2023-06-13,clothing,91,985.0536218553082
2023-06-14,food,6,173.43222949716622
2023-06-15,clothing,56,152.52979549486398
2023-06-16,electronics,86,158.58147095012907
2023-06-17,electronics,99,866.2181951457792
2023-06-18,clothing,12,362.3870023779042
2023-06-19,clothing,17,573.6045364545542
2023-06-20,food,73,236.34783816022818
2023-06-21,electronics,61,458.3001083235911
2023-06-22,electronics,58,275.0316824992427
2023-06-23,clothing,40,378.83461207061316
2023-06-24,electronics,74,281.36951537140976
2023-06-25,electronics,16,590.1590052189317
2023-06-26,food,43,306.7944281169123
2023-06-27,food,42,159.20417717465043
2023-06-28,food,64,578.5612729837833
2023-06-29,electronics,14,631.055308420466
2023-06-30,clothing,10,960.3912738625775
2023-07-01,electronics,43,859.6009374687422
2023-07-02,clothing,44,395.59964923672965
2023-07-03,food,6,455.4050052082205
2023-07-04,clothing,87,737.6814003697475
2023-07-05,food,34,870.9230459431293
2023-07-06,electronics,27,885.4945217057369
2023-07-07,food,2,189.9045127223886
2023-07-08,clothing,43,786.1480371652867
2023-07-09,food,87,466.17941301832695
2023-07-10,food,99,499.39897015410537
2023-07-11,electronics,8,286.04690052671026
2023-07-12,clothing,46,218.297466352245
2023-07-13,electronics,48,254.34627808276667
2023-07-14,food,90,196.07867454915547
2023-07-15,electronics,45,873.562679037635
2023-07-16,food,66,595.2063763917157
2023-07-17,food,91,340.7610927053822
2023-07-18,food,27,545.9992709598705
2023-07-19,clothing,79,965.9727349369758
2023-07-20,food,37,487.69643653958286
2023-07-21,clothing,14,660.6636123859773
2023-07-22,food,86,778.6990145909972
2023-07-23,food,83,727.6357726613871
2023-07-24,clothing,43,272.162793289924
2023-07-25,clothing,99,439.6151665717931
2023-07-26,clothing,88,182.95879206815988
2023-07-27,food,80,403.46495341445655
2023-07-28,clothing,98,646.5072080465034
2023-07-29,food,83,280.4728000149246
2023-07-30,food,37,941.9075590017876
2023-07-31,electronics,79,463.846874637447
2023-08-01,clothing,64,602.6154332632794
2023-08-02,electronics,25,866.8874193077943
2023-08-03,clothing,71,471.3407845971802
2023-08-04,clothing,98,118.36746167384048
2023-08-05,clothing,63,568.3461256200169
2023-08-06,food,68,297.8325988935824
2023-08-07,food,4,496.54738617969645
2023-08-08,clothing,47,477.8606602449637
2023-08-09,clothing,93,849.640583314848
2023-08-10,electronics,78,174.19712105138868
2023-08-11,clothing,13,898.5396157688479
2023-08-12,electronics,26,430.73616396495845
2023-08-13,electronics,17,899.717870371128
2023-08-14,clothing,71,614.7573202524534
2023-08-15,clothing,16,256.34493397255903
2023-08-16,clothing,75,802.5493272246601
2023-08-17,clothing,38,656.9958474530645
2023-08-18,clothing,51,486.53071407457975
2023-08-19,food,18,765.2287560583494
2023-08-20,electronics,84,764.8606417113891
2023-08-21,food,11,165.05808177107036
2023-08-22,electronics,72,415.8421336360697
2023-08-23,electronics,28,199.86448480478558
2023-08-24,food,14,309.67273848465595
2023-08-25,food,38,673.8766947246573
2023-08-26,electronics,77,103.20773771687472
2023-08-27,clothing,46,698.3681461229049
2023-08-28,food,20,780.0137141013367
2023-08-29,food,87,779.1346805823259
2023-08-30,electronics,22,537.5738263668611
2023-08-31,food,63,359.56741462962265
2023-09-01,clothing,9,190.41347378022544
2023-09-02,clothing,68,492.80386188614705
2023-09-03,electronics,54,685.9093039630598
2023-09-04,clothing,93,354.18414953168497
2023-09-05,clothing,77,725.2221373807727
2023-09-06,electronics,51,103.81066254951713
2023-09-07,electronics,50,948.9352418274657
2023-09-08,food,44,878.2254593826356
2023-09-09,electronics,51,616.1242250156167
2023-09-10,clothing,60,896.9274209343585
2023-09-11,clothing,71,468.97700483040165
2023-09-12,food,43,139.49501956462296
2023-09-13,food,2,725.3579283151206
2023-09-14,food,80,694.7303055844019
2023-09-15,food,6,522.3233907862581
2023-09-16,clothing,20,311.3439147835412
2023-09-17,food,10,923.1465639252172
2023-09-18,clothing,81,824.1795801648174
2023-09-19,food,53,580.1384145002243
2023-09-20,clothing,6,363.4870002482088
2023-09-21,clothing,77,343.2616789116041
2023-09-22,food,54,423.6596117853627
2023-09-23,food,98,875.1348230689797
2023-09-24,food,9,386.26956501718723
2023-09-25,clothing,18,159.80854385938716
2023-09-26,clothing,63,847.003609032578
2023-09-27,electronics,43,846.1844433647459
2023-09-28,food,47,567.3816692656541
2023-09-29,food,74,633.2499975193324
2023-09-30,food,10,613.7699703621911
2023-10-01,food,10,295.4759041016919
2023-10-02,clothing,44,241.97647465840865
2023-10-03,clothing,34,293.33781070746346
2023-10-04,food,77,183.6307682378869
2023-10-05,clothing,13,871.4075246027039
2023-10-06,food,44,631.4679611446915
2023-10-07,electronics,31,554.2370828429737
2023-10-08,electronics,27,858.8061996450916
2023-10-09,clothing,93,609.1606427554318
2023-10-10,clothing,83,780.2080065712722
2023-10-11,electronics,50,416.301610709192
2023-10-12,clothing,21,235.6951845694451
2023-10-13,clothing,4,715.0681704826055
2023-10-14,food,12,690.8959234375071
2023-10-15,food,39,648.8192695690421
2023-10-16,electronics,71,908.9851469945902
2023-10-17,clothing,67,966.9407587969483
2023-10-18,food,16,936.2411039709077
2023-10-19,clothing,19,396.3536264471204
2023-10-20,food,78,498.06862796632663
2023-10-21,food,99,974.7018861406546
2023-10-22,food,61,205.1931258772617
2023-10-23,clothing,35,352.78461469552883
2023-10-24,clothing,48,217.41426199910154
2023-10-25,electronics,13,961.4912215006445
2023-10-26,food,22,978.9057375316049
2023-10-27,food,98,125.33333067119801
2023-10-28,food,71,942.7658379866197
2023-10-29,clothing,89,200.88494421033536
2023-10-30,electronics,85,317.92921967786185
2023-10-31,electronics,50,448.06126342350603
2023-11-01,clothing,88,827.1434704268211
2023-11-02,clothing,42,666.2734816658267
2023-11-03,electronics,61,382.84872552717434
2023-11-04,food,19,389.93578365258645
2023-11-05,clothing,60,578.792784474648
2023-11-06,food,1,924.7595832714886
2023-11-07,electronics,58,645.0220934444883
2023-11-08,electronics,83,583.6559829937569
2023-11-09,food,19,690.4902085292352
2023-11-10,electronics,39,867.9464860189855
2023-11-11,electronics,40,148.7480132346181
2023-11-12,food,55,770.9933971126734
2023-11-13,food,65,291.67956977382926
2023-11-14,food,14,543.0155520474254
2023-11-15,electronics,82,651.869889876223
2023-11-16,clothing,25,570.3366987897532
2023-11-17,electronics,49,352.89174834302264
2023-11-18,food,78,105.1335103798939
2023-11-19,electronics,80,563.2464157165468
2023-11-20,electronics,85,730.9654828641602
2023-11-21,food,12,745.5823330514701
2023-11-22,electronics,90,750.0878930904653
2023-11-23,electronics,74,392.83568865988275
2023-11-24,food,74,513.4843216611235
2023-11-25,clothing,11,786.2152795771526
2023-11-26,food,12,679.4172039403476
2023-11-27,clothing,68,185.1460214116519
2023-11-28,food,78,923.4654911405152
2023-11-29,electronics,26,789.8615919021652
2023-11-30,clothing,26,982.5041537757465
2023-12-01,electronics,29,942.808688365969
2023-12-02,food,50,341.1067869478299
2023-12-03,food,35,561.8049168264776
2023-12-04,clothing,23,899.4805933617492
2023-12-05,clothing,32,253.25892129747294
2023-12-06,food,43,448.2481425330727
2023-12-07,food,71,657.1970623764778
2023-12-08,electronics,35,477.25585978215645
2023-12-09,clothing,23,194.92572012631393
2023-12-10,food,17,633.1259438083335
2023-12-11,food,82,467.02435468912086
2023-12-12,food,18,456.04681881514915
2023-12-13,food,96,120.72256863673027
2023-12-14,clothing,7,734.1264998267535
2023-12-15,electronics,12,447.469881586798
2023-12-16,clothing,34,666.1728393307397
2023-12-17,electronics,31,608.7524288828262
2023-12-18,food,68,265.69244578195867
2023-12-19,clothing,19,574.9057224206742
2023-12-20,food,13,441.82599865592704
2023-12-21,food,34,788.7946346337097
2023-12-22,clothing,31,569.9319603778447
2023-12-23,electronics,88,446.4460869009301
2023-12-24,clothing,76,269.471514481124
2023-12-25,electronics,68,786.9606716312713
2023-12-26,electronics,97,642.2772901103345
2023-12-27,clothing,92,524.4832608141885
2023-12-28,electronics,32,513.5671353411709
2023-12-29,food,4,103.91402445955174
2023-12-30,food,7,389.44992300492845
2023-12-31,clothing,46,808.6928100809743
2024-01-01,clothing,18,337.0138196691198
2024-01-02,electronics,93,236.28880520577113
2024-01-03,electronics,68,216.2418321675476
2024-01-04,food,46,873.1855726042785
2024-01-05,clothing,82,112.91943347893175
2024-01-06,clothing,25,635.1978189198333
2024-01-07,food,32,507.5809753446813
2024-01-08,clothing,29,319.6658114891258
2024-01-09,food,54,502.9970489352452
2024-01-10,clothing,25,174.03642521638363
2024-01-11,electronics,60,434.7039303290232
2024-01-12,electronics,60,747.6848229324296
2024-01-13,food,77,496.82065664293606
2024-01-14,clothing,85,710.9206461092487
2024-01-15,food,12,569.9735572801449
2024-01-16,electronics,7,127.3303070125198
2024-01-17,electronics,59,535.8796591314019
2024-01-18,clothing,6,897.6666585558555
2024-01-19,clothing,31,121.57983289709938
2024-01-20,food,59,710.6209995662354
2024-01-21,food,24,329.3353298558035
2024-01-22,clothing,20,934.5150202819336
2024-01-23,clothing,53,744.5364184346943
2024-01-24,electronics,42,306.12546138378343
2024-01-25,food,62,519.1488234320689
2024-01-26,food,77,911.1986407203542
2024-01-27,electronics,30,463.53569021135314
2024-01-28,food,98,170.8037699467224
2024-01-29,clothing,87,726.87103312617
2024-01-30,electronics,69,687.8124233918081
2024-01-31,clothing,73,385.9057909872974
2024-02-01,food,46,480.41167296511736
2024-02-02,clothing,29,118.36914897651846
2024-02-03,electronics,40,349.47749830888165
2024-02-04,food,81,180.58776757286174
2024-02-05,electronics,95,111.28146201957166
2024-02-06,electronics,56,819.2351419067268
2024-02-07,clothing,44,383.6381611340213
2024-02-08,electronics,23,787.0034035978721
2024-02-09,electronics,66,207.16690950798068
2024-02-10,clothing,72,483.3036417458774
2024-02-11,food,14,622.3413040657081
2024-02-12,clothing,1,226.3112387286514
2024-02-13,electronics,20,340.92995466722425
2024-02-14,electronics,89,920.9446016845969
2024-02-15,electronics,76,360.0340083778927
2024-02-16,clothing,48,879.7686627561459
2024-02-17,food,79,245.97907950900628
2024-02-18,electronics,91,274.73759938219735
2024-02-19,clothing,37,770.0971476174335
2024-02-20,clothing,13,544.1143752513385
2024-02-21,clothing,57,723.393935747079
2024-02-22,electronics,11,526.8295695759032
2024-02-23,electronics,54,312.3566360728367
2024-02-24,food,12,104.09459434115733
2024-02-25,clothing,84,956.7922992503944
2024-02-26,clothing,6,733.4615642650973
2024-02-27,clothing,94,906.2737872791126
2024-02-28,food,7,744.7393764224094
2024-02-29,clothing,31,788.8867629897711
2024-03-01,clothing,74,926.7640213530079
2024-03-02,food,11,274.3992979853614
2024-03-03,electronics,98,691.4233788616975
2024-03-04,clothing,26,174.7466424513321
2024-03-05,electronics,82,207.2639176850644
2024-03-06,electronics,1,987.6578158407241
2024-03-07,food,1,111.58506047851715
2024-03-08,food,67,255.343085789104
2024-03-09,food,70,596.7093624119534
2024-03-10,electronics,61,803.6975127760577
2024-03-11,clothing,94,839.1734739448898
2024-03-12,electronics,59,561.5052715502131
2024-03-13,clothing,18,563.6599675551115
2024-03-14,clothing,69,479.1194741859427
2024-03-15,electronics,68,160.97616368821127
2024-03-16,food,80,910.5991784408926
2024-03-17,clothing,14,912.6791671298589
2024-03-18,clothing,34,593.2662671711414
2024-03-19,electronics,2,673.3560148914759
2024-03-20,electronics,32,537.1819658702431
2024-03-21,food,57,861.0003193109249
2024-03-22,electronics,33,983.7029258278153
2024-03-23,food,36,957.7124431909872
2024-03-24,electronics,34,219.09930808504396
2024-03-25,clothing,42,933.8085063961826
2024-03-26,food,71,683.7583599139413
2024-03-27,clothing,58,123.44386519758878
2024-03-28,clothing,21,401.29990088089863
2024-03-29,clothing,4,977.5806360033669
2024-03-30,clothing,40,791.486114470566
2024-03-31,electronics,8,414.60617012893965
2024-04-01,food,23,897.9779503158836
2024-04-02,clothing,97,183.82288957350144
2024-04-03,clothing,60,138.30824183478157
2024-04-04,clothing,53,592.7857034096717
2024-04-05,clothing,49,547.8411022929613
2024-04-06,clothing,78,141.93440103392652
2024-04-07,clothing,83,267.7281053828891
2024-04-08,electronics,90,431.6692801952103
2024-04-09,clothing,49,788.4532484724118
2024-04-10,clothing,2,336.6171867076041
2024-04-11,electronics,80,253.29261628554084
2024-04-12,electronics,55,853.3984740288201
2024-04-13,clothing,28,710.4098171270363
2024-04-14,electronics,32,540.1418283950916
2024-04-15,electronics,15,920.4909828725333
2024-04-16,electronics,41,163.30732492504126
2024-04-17,food,80,711.8881975894047
2024-04-18,food,24,960.2483615504643
2024-04-19,food,4,720.0189481128272
2024-04-20,electronics,92,326.58642230467
2024-04-21,electronics,81,463.5439412844063
2024-04-22,food,6,400.1427404634815
2024-04-23,clothing,42,522.575095980755
2024-04-24,clothing,42,793.4081092227622
2024-04-25,electronics,98,992.8550275874653
2024-04-26,clothing,9,625.5300358102147
2024-04-27,electronics,12,668.4902280753226
2024-04-28,food,82,829.7637940504967
2024-04-29,electronics,35,560.5796098430377
2024-04-30,electronics,69,536.2332673397163
2024-05-01,food,82,788.6414541874192
2024-05-02,clothing,2,517.8422690793386
2024-05-03,clothing,60,366.7395729606195
2024-05-04,food,67,455.7803538255228
2024-05-05,electronics,6,912.6957320946619
2024-05-06,food,54,900.7755387781019
2024-05-07,clothing,78,205.93809482187973
2024-05-08,electronics,18,552.4537079100342
2024-05-09,electronics,68,120.23040159189188
2024-05-10,electronics,82,577.877211927306
2024-05-11,food,21,789.5939205789189
2024-05-12,electronics,54,840.0251761558823
2024-05-13,food,9,183.31052323977252
2024-05-14,electronics,40,796.2940874872604
2024-05-15,electronics,10,499.4827862397338
2024-05-16,food,88,968.2422366651476
2024-05-17,clothing,88,507.61649041914023
2024-05-18,electronics,48,693.9184669458726
2024-05-19,clothing,32,932.5880932215545
2024-05-20,food,46,215.6545103245331
2024-05-21,food,18,929.664711090748
2024-05-22,food,81,174.1334925805375
2024-05-23,food,62,514.2200304541373
2024-05-24,electronics,24,763.9842992110098
2024-05-25,clothing,34,708.978911186252
2024-05-26,food,58,548.7681087032968
2024-05-27,electronics,17,648.8636826985168
2024-05-28,electronics,62,976.5054623721796
2024-05-29,clothing,38,855.828329598754
2024-05-30,electronics,97,932.4133202205186
2024-05-31,electronics,27,831.6897382297752
2024-06-01,clothing,69,666.3045356687032
2024-06-02,electronics,75,832.8430729932389
2024-06-03,clothing,58,144.971963692922
2024-06-04,electronics,62,403.8693930005588
2024-06-05,clothing,43,221.65753621320056
2024-06-06,food,98,307.2042331009119
2024-06-07,food,44,939.7971206578485
2024-06-08,food,47,480.56980155749267
2024-06-09,electronics,9,493.5115472422518
2024-06-10,food,6,130.11170854126888
2024-06-11,food,31,873.4881998867638
2024-06-12,food,61,973.8616677574806
2024-06-13,clothing,44,356.8554332744675
2024-06-14,food,72,380.2989338757121
2024-06-15,clothing,58,207.03761703442643
2024-06-16,electronics,62,589.1170117343238
2024-06-17,electronics,23,758.3747625645652
2024-06-18,clothing,94,511.47580863128024
2024-06-19,food,91,493.39855565640306
2024-06-20,electronics,30,450.2812913550009
2024-06-21,clothing,5,887.1030769140231
2024-06-22,food,25,602.1622063463417
2024-06-23,food,43,432.671418451715
2024-06-24,electronics,36,287.60530346010603
2024-06-25,clothing,47,351.57159239876574
2024-06-26,food,74,424.7352231105895
2024-06-27,electronics,67,457.130310408635
2024-06-28,electronics,74,459.8658584675556
2024-06-29,clothing,59,746.4569515252477
2024-06-30,electronics,15,516.7205013151486
2024-07-01,clothing,35,958.831026732389
2024-07-02,clothing,41,871.314485848431
2024-07-03,clothing,69,841.1301134090014
2024-07-04,food,47,576.1871191673567
2024-07-05,clothing,78,503.30313467345604
2024-07-06,electronics,47,141.99174064944808
2024-07-07,food,96,602.4363996375857
2024-07-08,clothing,61,741.9968296452179
2024-07-09,clothing,79,492.0788123628096
2024-07-10,electronics,40,334.3991806040224
2024-07-11,clothing,12,978.5506161585894
2024-07-12,clothing,89,212.56705795160346
2024-07-13,food,58,859.9747296045875
2024-07-14,food,16,414.0469882301483
2024-07-15,clothing,24,841.6554584750859
2024-07-16,clothing,92,110.79015430754369
2024-07-17,clothing,42,172.0117694776879
2024-07-18,clothing,24,725.7834285669056
2024-07-19,food,98,195.01558655950592
2024-07-20,clothing,22,392.653789305232
2024-07-21,clothing,89,807.7524037866291
2024-07-22,electronics,18,138.0910226776456
2024-07-23,clothing,5,620.8408540998485
2024-07-24,clothing,23,194.93535271559037
2024-07-25,electronics,48,588.4153139194599
2024-07-26,food,48,270.2644529700632
2024-07-27,food,48,825.9893688220811
2024-07-28,clothing,61,407.0710420413825
2024-07-29,food,73,932.7731192206664
2024-07-30,electronics,90,339.3726587854683
2024-07-31,clothing,21,338.1277893793167
2024-08-01,food,93,232.52074763995492
2024-08-02,clothing,56,954.1312126382846
2024-08-03,clothing,45,630.7308907926065
2024-08-04,electronics,38,551.9701236072394
2024-08-05,food,93,885.9944505359681
2024-08-06,food,22,725.1705449331796
2024-08-07,clothing,97,283.0089477398616
2024-08-08,clothing,95,588.4909977265345
2024-08-09,clothing,55,833.2940053709528
2024-08-10,food,17,298.2372934095466
2024-08-11,clothing,43,426.7034898043752
2024-08-12,clothing,48,153.2963325253175
2024-08-13,food,1,498.6121941764063
2024-08-14,clothing,34,284.6186571021981
2024-08-15,food,96,792.8506037052358
2024-08-16,clothing,23,106.75807075178024
2024-08-17,electronics,31,495.6946641061647
2024-08-18,electronics,83,294.88798643046084
2024-08-19,electronics,72,210.11489356372118
2024-08-20,food,7,234.58811959672983
2024-08-21,electronics,25,899.6834960653764
2024-08-22,clothing,2,631.578719712997
2024-08-23,food,5,377.1317741612127
2024-08-24,clothing,64,909.0809011278812
2024-08-25,clothing,60,378.5581578928458
2024-08-26,clothing,74,995.9803969268289
2024-08-27,food,65,228.41511987767453
2024-08-28,clothing,97,918.4624420720819
2024-08-29,clothing,19,822.1403189466484
2024-08-30,electronics,27,546.510865673336
2024-08-31,electronics,31,284.1239910148098
2024-09-01,food,90,874.5848365790915
2024-09-02,food,5,960.2338871147674
2024-09-03,electronics,96,819.7437190287425
2024-09-04,food,6,620.1188239338095
2024-09-05,food,97,486.8351381616146
2024-09-06,food,50,846.2641151374287
2024-09-07,food,67,888.1815523135792
2024-09-08,food,60,843.1427568171246
2024-09-09,food,68,627.1351161982815
2024-09-10,food,83,429.6996217068713
2024-09-11,clothing,56,687.5183957994533
2024-09-12,clothing,55,279.18820754388685
2024-09-13,food,36,608.476288670629
2024-09-14,food,91,206.18123055839155
2024-09-15,clothing,49,466.21313320168304
2024-09-16,clothing,27,580.5184814915367
2024-09-17,electronics,46,913.1429405055299
2024-09-18,electronics,69,539.6718939610892
2024-09-19,clothing,91,345.0528704764088
2024-09-20,electronics,44,953.7025810258642
2024-09-21,food,38,659.6619684639468
2024-09-22,food,29,668.915219070283
2024-09-23,food,88,789.7344379218528
2024-09-24,electronics,22,414.9964572210918
2024-09-25,electronics,16,874.9625518583018
2024-09-26,electronics,97,936.3165199485037
2024-09-27,electronics,62,927.6941535544291
2024-09-28,electronics,84,709.9410682381042
2024-09-29,food,97,799.3637695175318
2024-09-30,electronics,29,465.1492965371947
2024-10-01,clothing,21,327.53768300052525
2024-10-02,electronics,30,367.52315452842595
2024-10-03,clothing,14,125.39559855638485
2024-10-04,clothing,89,165.00967175723355
2024-10-05,electronics,35,680.1752692838465
2024-10-06,electronics,27,869.5264900786352
2024-10-07,food,81,582.6902671003502
2024-10-08,electronics,98,408.1925707250911
2024-10-09,clothing,60,707.5216075409958
2024-10-10,electronics,89,672.6735403547821
2024-10-11,electronics,61,835.0082937024066
2024-10-12,clothing,19,156.39988506328024
2024-10-13,electronics,28,443.2323233718658
2024-10-14,clothing,94,396.8949991710357
2024-10-15,clothing,56,767.0513873764518
2024-10-16,food,55,627.661082030841
2024-10-17,clothing,46,170.5055176082903
2024-10-18,electronics,9,668.6190581552644
2024-10-19,electronics,6,473.7140869880618
2024-10-20,food,83,707.5537819622675
2024-10-21,clothing,61,287.7429224181783
2024-10-22,food,11,162.99142506738897
2024-10-23,electronics,80,326.63648955373367
2024-10-24,food,95,453.57638337281867
2024-10-25,clothing,11,972.6920779713904
2024-10-26,electronics,43,935.4136992335148
2024-10-27,electronics,40,734.4348433316404
2024-10-28,food,84,908.4211659206464
2024-10-29,food,71,725.0484760471604
2024-10-30,food,52,279.06663287409975
2024-10-31,electronics,46,891.4638865260787
2024-11-01,clothing,40,161.53211861376954
2024-11-02,electronics,13,744.8682211465496
2024-11-03,electronics,12,815.2467292357643
2024-11-04,clothing,2,427.3653488244235
2024-11-05,food,1,244.24055614114684
2024-11-06,food,40,533.5804421576936
2024-11-07,electronics,63,413.4213046015775
2024-11-08,electronics,28,999.1843864006436
2024-11-09,clothing,24,829.7275479473711
2024-11-10,electronics,71,265.10638821660973
2024-11-11,clothing,46,649.8165087492779
2024-11-12,clothing,45,275.6021363226339
2024-11-13,food,4,951.5093999674887
2024-11-14,food,40,759.7394741426773
2024-11-15,food,93,228.877186927937
2024-11-16,food,94,789.6280503940994
2024-11-17,food,51,205.67264377412533
2024-11-18,electronics,60,251.71675470092168
2024-11-19,electronics,98,252.27014484886914
2024-11-20,electronics,99,477.75374488325997
2024-11-21,food,40,434.47931643248523
2024-11-22,food,51,860.4719364274507
2024-11-23,clothing,56,312.94309786668214
2024-11-24,food,61,365.8847642489521
2024-11-25,food,19,713.7280551694258
2024-11-26,electronics,70,400.2381764133475
2024-11-27,food,78,615.1627466983648
2024-11-28,clothing,53,793.1161696098565
2024-11-29,electronics,95,224.60474414624167
2024-11-30,electronics,81,323.90529665149313
2024-12-01,food,16,315.7242434911021
2024-12-02,clothing,57,747.5333228042396
2024-12-03,food,31,851.3693606745779
2024-12-04,electronics,64,382.41061161514097
2024-12-05,clothing,78,520.1590069108557
2024-12-06,food,69,486.39074983875236
2024-12-07,clothing,2,792.1888160171097
2024-12-08,clothing,54,145.80452339969668
2024-12-09,electronics,67,262.88970261091595
2024-12-10,electronics,62,954.0550954309124
2024-12-11,clothing,39,554.0606808452712
2024-12-12,electronics,33,117.75124545428848
2024-12-13,electronics,62,409.3275148430271
2024-12-14,electronics,65,163.34274179813502
2024-12-15,electronics,53,926.7172992396166
2024-12-16,clothing,85,935.2860608499689
2024-12-17,clothing,22,334.3462357144117
2024-12-18,food,31,568.3431144113235
2024-12-19,food,52,620.4471973923618
2024-12-20,clothing,15,954.5390779412145
2024-12-21,clothing,13,629.3680000063359
2024-12-22,food,53,543.29563146434
2024-12-23,food,25,785.5650224014188
2024-12-24,clothing,24,534.576201380482
2024-12-25,food,75,146.38189323062926
2024-12-26,clothing,97,949.6796612939886
2024-12-27,food,60,894.9866381917083
2024-12-28,electronics,32,571.175821862585
2024-12-29,clothing,9,999.3484785979766
2024-12-30,electronics,37,839.6185139165316
2024-12-31,clothing,43,961.8476669564656
2025-01-01,food,42,968.8598720010282
2025-01-02,food,93,563.7123287540186
2025-01-03,food,60,893.3529845879965
2025-01-04,food,35,798.0352172599075
2025-01-05,clothing,70,447.46103327835857
2025-01-06,electronics,73,588.2297429811672
2025-01-07,clothing,45,603.3866286124378
2025-01-08,food,38,818.2047858824766
2025-01-09,food,90,884.3184786168955
2025-01-10,clothing,89,174.21533722272343
2025-01-11,food,57,730.2762870461831
2025-01-12,electronics,68,949.5322337988814
2025-01-13,clothing,84,243.47174092571083
2025-01-14,food,84,775.7135358968259
2025-01-15,electronics,77,811.5646575724187
2025-01-16,clothing,37,103.69040733524912
2025-01-17,electronics,50,917.0386765964956
2025-01-18,electronics,13,708.9797691116921
2025-01-19,clothing,83,709.5110824480444
2025-01-20,clothing,37,457.3610328152743
2025-01-21,electronics,59,700.9632331646902
2025-01-22,electronics,73,100.21617991595954
2025-01-23,food,61,991.9918088917088
2025-01-24,clothing,32,536.5708674403983
2025-01-25,electronics,92,511.5189235783402
2025-01-26,clothing,68,476.6862940371959
2025-01-27,clothing,87,829.5756118042907
2025-01-28,electronics,95,257.7810868857415
2025-01-29,clothing,15,244.33249608593403
2025-01-30,clothing,18,547.9345978087417
2025-01-31,electronics,15,413.09280669624985
2025-02-01,food,53,888.1881022142278
2025-02-02,clothing,92,333.62255372737604
2025-02-03,electronics,64,312.47562033155634
2025-02-04,electronics,17,501.10566431006566
2025-02-05,electronics,60,743.7813071234373
2025-02-06,food,62,591.4532441998573
2025-02-07,clothing,3,170.22981189301038
2025-02-08,electronics,8,580.431774858522
2025-02-09,clothing,54,121.97626835011872
2025-02-10,electronics,88,822.302266656659
2025-02-11,clothing,27,413.6305124787857
2025-02-12,clothing,26,934.9433332772533
2025-02-13,electronics,28,159.11302073917435
2025-02-14,electronics,28,704.4251640272419
2025-02-15,food,25,527.9088399932187
2025-02-16,food,27,713.7930391213807
2025-02-17,food,79,580.84064141474
2025-02-18,electronics,83,963.0196948849007
2025-02-19,electronics,46,970.949922049673
2025-02-20,food,88,917.4208835111428
2025-02-21,food,43,406.71593084581457
2025-02-22,food,25,162.02300213863302
2025-02-23,clothing,18,711.9684834029631
2025-02-24,clothing,41,898.0522398223528
2025-02-25,clothing,78,537.4891784401091
2025-02-26,clothing,23,281.4964750518692
2025-02-27,electronics,33,403.08958763372004
2025-02-28,clothing,29,325.83780523215233
2025-03-01,electronics,96,670.6691228312391
2025-03-02,electronics,70,911.2635474495289
2025-03-03,electronics,47,529.4862186226327
2025-03-04,food,16,954.4503879406702
2025-03-05,electronics,5,293.6922477388299
2025-03-06,clothing,81,927.5772838059851
2025-03-07,electronics,30,132.42152105765138
2025-03-08,electronics,71,175.7932903943211
2025-03-09,food,10,579.166245226319
2025-03-10,clothing,41,623.3393148163224
2025-03-11,electronics,10,704.8201405242603
2025-03-12,clothing,67,824.7632814135491
2025-03-13,clothing,72,698.1707216488968
2025-03-14,electronics,64,580.2132134304902
2025-03-15,clothing,33,155.5246195021685
2025-03-16,clothing,57,757.1384579814397
2025-03-17,electronics,24,221.0092773539236
2025-03-18,clothing,87,322.33579789005137
2025-03-19,clothing,28,822.6821897991664
2025-03-20,electronics,62,201.81748294888405
2025-03-21,electronics,69,916.5928486885182
2025-03-22,food,31,237.12964519270554
2025-03-23,clothing,46,994.4976558777965
2025-03-24,clothing,44,207.47662969753478
2025-03-25,clothing,42,719.2023783612224
2025-03-26,electronics,89,134.55613955397115
2025-03-27,electronics,53,566.0125778197539
2025-03-28,clothing,53,620.465320235364
2025-03-29,clothing,6,138.20644767192323
2025-03-30,electronics,78,893.0601847689023
2025-03-31,electronics,12,443.7435643630084
2025-04-01,food,40,393.8492882278187
2025-04-02,electronics,2,756.5517438477858
2025-04-03,electronics,97,328.8395105229204
2025-04-04,electronics,11,860.0823126930818
2025-04-05,clothing,62,326.58363952519164
2025-04-06,food,18,375.379423329563
2025-04-07,food,38,576.3226366553426
2025-04-08,clothing,84,382.909311379493
2025-04-09,food,14,935.6781438600789
2025-04-10,clothing,18,118.17585459094838
2025-04-11,clothing,30,921.6847883677185
2025-04-12,food,62,678.4495579880218
2025-04-13,food,53,829.3383167097965
2025-04-14,electronics,14,398.52395618389824
2025-04-15,clothing,77,972.336048993602
2025-04-16,electronics,81,776.8792357035625
2025-04-17,food,92,748.8974165626065
2025-04-18,clothing,76,892.0143966119051
2025-04-19,clothing,71,577.5978110796505
2025-04-20,food,8,621.3795772498279
2025-04-21,food,3,284.86558885523124
2025-04-22,clothing,33,424.6558662841068
2025-04-23,food,68,442.41217056319226
2025-04-24,electronics,80,535.5439908691708
2025-04-25,food,65,359.5114495661162
2025-04-26,clothing,87,749.683430741658
2025-04-27,electronics,87,907.0434413333071
2025-04-28,clothing,11,368.91430579489605
2025-04-29,clothing,53,404.78518740149934
2025-04-30,clothing,91,179.4465222635223
2025-05-01,clothing,88,509.0951313589619
2025-05-02,electronics,36,570.6282017709597
2025-05-03,electronics,33,729.4552056321047
2025-05-04,food,3,773.0360714581609
2025-05-05,clothing,68,802.1529416835119
2025-05-06,clothing,10,459.08536332694507
2025-05-07,clothing,11,527.2239558732946
2025-05-08,clothing,65,615.9970442453847
2025-05-09,electronics,61,952.4047193481963
2025-05-10,food,7,753.2219429198369
2025-05-11,electronics,70,845.3300217278731
2025-05-12,electronics,56,583.8415844799435
2025-05-13,electronics,88,874.3097023564669
2025-05-14,electronics,61,818.2006507640209
2025-05-15,electronics,32,120.94374591116465
2025-05-16,food,7,946.6275309173718
2025-05-17,electronics,34,489.50602096145946
2025-05-18,food,9,127.4340298302982
2025-05-19,clothing,23,620.5480539735477
2025-05-20,electronics,27,789.0497972404014
2025-05-21,electronics,67,422.6034597944132
2025-05-22,food,29,968.542781297417
2025-05-23,electronics,66,479.17662333977154
2025-05-24,clothing,89,176.88342594878173
2025-05-25,clothing,91,192.9159278463094
2025-05-26,food,77,594.6957871899185
2025-05-27,electronics,99,666.6401375910052
2025-05-28,electronics,63,200.41069214486913
2025-05-29,electronics,13,716.5342959400716
2025-05-30,electronics,25,207.28740444567967
2025-05-31,food,4,656.6909118503283
2025-06-01,electronics,21,409.23420261085346
2025-06-02,food,1,454.62487163878484
2025-06-03,clothing,89,573.7005376633334
2025-06-04,food,29,890.6153508148436
2025-06-05,food,7,650.4505828143713
2025-06-06,food,40,286.33336151768435
2025-06-07,food,48,425.22086054963586
2025-06-08,electronics,13,109.11251898394906
2025-06-09,clothing,55,299.0520603872932
2025-06-10,electronics,91,850.5020933037116
2025-06-11,clothing,42,503.3837932758549
2025-06-12,electronics,52,575.389643575013
2025-06-13,food,1,864.5030427663603
2025-06-14,food,25,140.22384137394744
2025-06-15,clothing,36,263.9754060934995
2025-06-16,food,81,782.3037105962019
2025-06-17,clothing,1,690.1347825560696
2025-06-18,food,62,293.0191151216857
2025-06-19,food,99,897.1705226533466
2025-06-20,electronics,2,190.69280557637063
2025-06-21,electronics,73,570.8714544169428
2025-06-22,electronics,39,922.3433206919748
2025-06-23,clothing,10,251.8254653096999
2025-06-24,clothing,76,288.72961301814684
2025-06-25,clothing,57,740.4456879188015
2025-06-26,electronics,59,912.1187964777617
2025-06-27,food,60,495.70083072127676
2025-06-28,clothing,18,941.9886005845077
2025-06-29,clothing,6,504.2597265955767
2025-06-30,food,59,965.5139762664855
2025-07-01,electronics,70,727.4812583286935
2025-07-02,clothing,88,738.9716187012348
2025-07-03,electronics,72,129.5463936415176
2025-07-04,food,48,101.79816926308064
2025-07-05,food,7,699.5440666084088
2025-07-06,electronics,48,880.1436314437819
2025-07-07,electronics,70,457.06763743751156
2025-07-08,food,62,371.3159723991673
2025-07-09,food,71,258.5500631139802
2025-07-10,clothing,74,889.5104719117085
2025-07-11,food,8,798.7509555392813
2025-07-12,food,16,772.4461478176813
2025-07-13,clothing,75,557.6353742911682
2025-07-14,clothing,44,471.3332147754119
2025-07-15,clothing,65,251.72895497888817
2025-07-16,clothing,3,274.1090871892237
2025-07-17,food,13,496.9521687937302
2025-07-18,food,59,162.288556155679
2025-07-19,electronics,5,155.42329935236938
2025-07-20,food,46,910.9981148180648
2025-07-21,clothing,23,117.75122485217906
2025-07-22,electronics,64,496.4247108497372
2025-07-23,food,55,647.6815212034016
2025-07-24,clothing,76,381.5384375532476
2025-07-25,electronics,62,199.24841472785926
2025-07-26,clothing,2,374.65444071866324
2025-07-27,electronics,70,135.59964819215895
2025-07-28,food,63,336.0307975084188
2025-07-29,food,31,361.160835981532
2025-07-30,food,54,819.3851909764671
2025-07-31,electronics,31,279.48452752074013
2025-08-01,food,6,380.344734317241
2025-08-02,food,67,875.724384135133
2025-08-03,clothing,86,887.685288103988
2025-08-04,food,11,973.1079811983827
2025-08-05,electronics,38,832.3179584143417
2025-08-06,electronics,66,174.11500246850994
2025-08-07,electronics,56,289.0445771675805
2025-08-08,food,74,994.3856138946435
2025-08-09,electronics,27,776.4517244932983
2025-08-10,food,12,302.2426678627213
2025-08-11,food,92,962.8311279678801
2025-08-12,clothing,38,732.2543095333378
2025-08-13,food,76,558.1211614378768
2025-08-14,food,10,133.5390658879248
2025-08-15,clothing,39,132.98488418202976
2025-08-16,clothing,86,611.6471344140164
2025-08-17,electronics,90,359.20680241396894
2025-08-18,food,88,414.2266984363068
2025-08-19,food,17,731.4892497214568
2025-08-20,clothing,39,893.7359598144517
2025-08-21,food,53,835.3412354762435
2025-08-22,clothing,59,484.7580711191719
2025-08-23,clothing,68,330.50256116899885
2025-08-24,electronics,18,497.7219517359254
2025-08-25,food,64,398.8389470375357
2025-08-26,food,9,103.85634437673022
2025-08-27,food,52,554.8364407353527
2025-08-28,electronics,67,572.5405665943409
2025-08-29,electronics,29,533.674594286031
2025-08-30,electronics,18,591.6113231244321
2025-08-31,clothing,8,438.0245920802677
2025-09-01,food,89,738.2288416491228
2025-09-02,clothing,67,860.101607234359
2025-09-03,electronics,11,132.5485118356122
2025-09-04,clothing,69,242.2475936369919
2025-09-05,electronics,95,346.1164581012191
2025-09-06,clothing,44,944.0043243411683
2025-09-07,clothing,35,316.3070884114224
2025-09-08,clothing,53,516.0656567984682
2025-09-09,clothing,50,695.2701759623659
2025-09-10,clothing,12,717.2596355183933
2025-09-11,electronics,18,178.73600882527464
2025-09-12,clothing,18,121.33147658568338
2025-09-13,electronics,44,446.58662771983546
2025-09-14,clothing,56,765.3857682410438
2025-09-15,food,71,869.2133409045765
2025-09-16,electronics,26,302.55189206878686
2025-09-17,clothing,19,196.95976123922975
2025-09-18,food,24,143.91979705125604
2025-09-19,food,32,799.9252910878696
2025-09-20,electronics,49,109.02241445574887
2025-09-21,clothing,11,127.8124549342689
2025-09-22,electronics,36,766.1625353659856
2025-09-23,clothing,40,987.6290537975963
2025-09-24,food,58,114.61909231383002
2025-09-25,clothing,97,837.5080409424309
2025-09-26,food,34,212.1267437076471
2025-09-27,clothing,14,940.7433443389316
2025-09-28,clothing,33,526.6179065802739
2025-09-29,electronics,86,171.4603372060605
2025-09-30,clothing,60,208.04043121516702
2025-10-01,food,18,604.9688243718621
2025-10-02,electronics,66,105.71656162521191
2025-10-03,clothing,11,914.1576602701585
2025-10-04,clothing,70,451.62461140838434
2025-10-05,clothing,74,174.53910466836527
2025-10-06,food,68,212.56146928965086
2025-10-07,clothing,18,862.1199516131561
2025-10-08,clothing,95,410.41439679672277
2025-10-09,clothing,45,331.56556321054256
2025-10-10,clothing,63,134.92666913024522
2025-10-11,clothing,34,478.5450905137029
2025-10-12,electronics,69,509.0262368109432
2025-10-13,clothing,65,750.3443899153198
2025-10-14,electronics,38,615.5475682384497
2025-10-15,food,61,783.9628965702353
2025-10-16,clothing,36,777.7253042613711
2025-10-17,food,57,389.3377340961107
2025-10-18,clothing,10,875.7907052913594
2025-10-19,clothing,70,538.3326195923494
2025-10-20,food,8,781.6247338557761
2025-10-21,clothing,34,371.4484605706852
2025-10-22,electronics,40,380.82867045375116
2025-10-23,electronics,61,349.881637688046
2025-10-24,food,52,267.1457091534828
2025-10-25,electronics,21,752.0892385140521
2025-10-26,food,99,667.7023624325496
2025-10-27,food,20,894.5192615504769
2025-10-28,electronics,61,691.5680624769935
2025-10-29,food,19,752.0217712167105
2025-10-30,food,38,104.13907433458742
2025-10-31,food,36,587.3476675105479
2025-11-01,food,34,853.4726962419977
2025-11-02,food,85,720.7397166852372
2025-11-03,clothing,75,748.1020468590239
2025-11-04,clothing,88,514.3926994378753
2025-11-05,clothing,18,808.8118894110648
2025-11-06,electronics,69,982.455572073517
2025-11-07,electronics,2,140.01815533249436
2025-11-08,electronics,56,872.4726590059714
2025-11-09,clothing,39,618.4240388518641
2025-11-10,electronics,59,751.9244305235756
2025-11-11,clothing,84,116.59331828208317
2025-11-12,clothing,55,289.923827588823
2025-11-13,electronics,69,299.75399414991506
2025-11-14,electronics,31,213.4783618871143
2025-11-15,clothing,52,278.4283357606023
2025-11-16,electronics,8,320.12648815109685
2025-11-17,electronics,32,253.7919013439399
2025-11-18,food,91,417.3556746710663
2025-11-19,food,61,192.7596447210401
2025-11-20,food,16,204.16525997183163
2025-11-21,food,35,605.152302154017
2025-11-22,electronics,2,718.6458954436877
2025-11-23,food,90,350.5358310693558
2025-11-24,clothing,14,593.8720766855699
2025-11-25,food,42,470.015868319492
2025-11-26,food,63,474.23703688120685
2025-11-27,electronics,32,992.1451639847903
2025-11-28,electronics,11,392.91842337440875
2025-11-29,electronics,71,940.8911487462283
2025-11-30,electronics,83,304.89130114366503
2025-12-01,food,77,370.58243047916807
2025-12-02,electronics,65,458.7221177047021
2025-12-03,food,54,471.0419920619219
2025-12-04,clothing,14,243.74610096284016
2025-12-05,clothing,83,389.9667774396743
2025-12-06,electronics,54,856.6510919456641
2025-12-07,clothing,73,566.4490792088404
2025-12-08,electronics,47,145.30634428529044
2025-12-09,electronics,99,943.303098923863
2025-12-10,electronics,71,576.8960232203061
2025-12-11,food,61,214.71505791936164
2025-12-12,food,4,615.0973716359273
2025-12-13,electronics,43,265.8879227285321
2025-12-14,food,96,572.4011495580406
2025-12-15,food,81,268.8059140291523
2025-12-16,food,40,185.065449823103
